id,from_user_id,to_user_id,status,created_at,updated_at
102,4c2177ab-592a-5e4a-b25b-8bb3f8090555,518ae987-15f7-5b22-8bcc-df59623dbdce,pending,2026-07-19T10:30:00+00:00,2026-07-19T10:30:00+00:00
103,4c2177ab-592a-5e4a-b25b-8bb3f8090555,d9fbcbde-376a-5f82-9fb5-268a24b02d57,accepted,2026-08-03T10:30:00+00:00,2026-08-03T13:30:00+00:00
104,8ae0340a-8eaf-5e9d-9db0-ac449334023d,b55b4f74-ded6-5cf1-aae0-9ad89c03c10c,accepted,2026-07-19T10:30:00+00:00,2026-07-19T13:30:00+00:00
105,8ae0340a-8eaf-5e9d-9db0-ac449334023d,5ccdaadc-80b2-50e1-a0c1-bad0246a7cf2,accepted,2026-08-27T10:30:00+00:00,2026-08-27T13:30:00+00:00
106,8ae0340a-8eaf-5e9d-9db0-ac449334023d,af808cd8-ab34-515f-a8a0-a1b0719a537b,accepted,2026-08-18T10:30:00+00:00,2026-08-18T13:30:00+00:00
107,3d016498-e16a-5ad9-95c7-b633dfc6a142,a5526e82-ef69-522b-b3ad-df818658bde0,pending,2026-07-20T10:30:00+00:00,2026-07-20T10:30:00+00:00
108,3d016498-e16a-5ad9-95c7-b633dfc6a142,d9fbcbde-376a-5f82-9fb5-268a24b02d57,accepted,2026-08-24T10:30:00+00:00,2026-08-24T13:30:00+00:00
109,001e944b-e64e-5742-afb7-5e04327e41ee,d9fbcbde-376a-5f82-9fb5-268a24b02d57,pending,2026-09-16T10:30:00+00:00,2026-09-16T10:30:00+00:00
110,1767869f-381f-59b9-acac-01da2d539e40,b55b4f74-ded6-5cf1-aae0-9ad89c03c10c,accepted,2026-08-20T10:30:00+00:00,2026-08-20T13:30:00+00:00
111,1767869f-381f-59b9-acac-01da2d539e40,5a4b137d-2ebb-5c75-8cdd-bf77406b4b9f,pending,2026-07-31T10:30:00+00:00,2026-07-31T10:30:00+00:00
112,1767869f-381f-59b9-acac-01da2d539e40,4c310820-12d3-5128-9a45-973db446b59e,accepted,2026-07-22T10:30:00+00:00,2026-07-22T13:30:00+00:00
113,1767869f-381f-59b9-acac-01da2d539e40,54561bf4-fe37-5b37-934d-9c7f81542f8b,pending,2026-08-18T10:30:00+00:00,2026-08-18T10:30:00+00:00
114,50d6350f-ffd4-59ad-a1ff-65a49a77a913,64609795-d498-5ea7-ad33-a3bcecf9d962,accepted,2026-08-28T10:30:00+00:00,2026-08-28T13:30:00+00:00
115,50d6350f-ffd4-59ad-a1ff-65a49a77a913,1bc15434-bc22-56cc-a890-336efd2a11e5,pending,2026-08-26T10:30:00+00:00,2026-08-26T10:30:00+00:00
116,50d6350f-ffd4-59ad-a1ff-65a49a77a913,b55b4f74-ded6-5cf1-aae0-9ad89c03c10c,accepted,2026-08-18T10:30:00+00:00,2026-08-18T13:30:00+00:00
117,3425797b-5c54-5f3a-9a34-9cedb0dc5b84,b55b4f74-ded6-5cf1-aae0-9ad89c03c10c,accepted,2026-09-01T10:30:00+00:00,2026-09-01T13:30:00+00:00
118,b55b4f74-ded6-5cf1-aae0-9ad89c03c10c,5ccdaadc-80b2-50e1-a0c1-bad0246a7cf2,accepted,2026-09-10T10:30:00+00:00,2026-09-10T13:30:00+00:00
119,b55b4f74-ded6-5cf1-aae0-9ad89c03c10c,f1fb49f6-8f16-5086-a3b3-1c5e169f9ad4,accepted,2026-08-05T10:30:00+00:00,2026-08-05T13:30:00+00:00
120,b0ebc690-efe0-594f-bd55-e4d7ec3454bc,e3efd234-c7f9-5957-937f-661b1c3981ef,accepted,2026-07-26T10:30:00+00:00,2026-07-26T13:30:00+00:00
121,b0ebc690-efe0-594f-bd55-e4d7ec3454bc,ac9c9500-b7e4-5bbe-8f4e-a40a6201979a,accepted,2026-07-30T10:30:00+00:00,2026-07-30T13:30:00+00:00
122,b0ebc690-efe0-594f-bd55-e4d7ec3454bc,88a268b0-6bca-5583-b041-ffdbc51be7e6,accepted,2026-08-26T10:30:00+00:00,2026-08-26T13:30:00+00:00
123,9c9c228f-3bd5-5da4-b666-fbfab93b4b7e,44f09dba-7a20-5f46-840b-4670e6c7eb92,accepted,2026-08-11T10:30:00+00:00,2026-08-11T13:30:00+00:00
124,4966bb54-4d4f-5992-8586-1bd44991d17f,baa8ef70-5b01-5a49-84cb-71c353290705,accepted,2026-08-22T10:30:00+00:00,2026-08-22T13:30:00+00:00
125,3a376c3a-3e46-5c8c-815c-232b66ca9bc8,50d6350f-ffd4-59ad-a1ff-65a49a77a913,accepted,2026-08-30T10:30:00+00:00,2026-08-30T13:30:00+00:00
126,3a376c3a-3e46-5c8c-815c-232b66ca9bc8,4966bb54-4d4f-5992-8586-1bd44991d17f,pending,2026-07-23T10:30:00+00:00,2026-07-23T10:30:00+00:00
127,3a376c3a-3e46-5c8c-815c-232b66ca9bc8,64609795-d498-5ea7-ad33-a3bcecf9d962,accepted,2026-07-28T10:30:00+00:00,2026-07-28T13:30:00+00:00
128,3a376c3a-3e46-5c8c-815c-232b66ca9bc8,f4b545d6-b6c0-54b8-847e-101d68428b48,accepted,2026-08-05T10:30:00+00:00,2026-08-05T13:30:00+00:00
129,a992f17b-79b6-5dcf-aed4-2aebaa5775c7,a60d0128-bffa-5d2d-9915-36693e6bc3ba,accepted,2026-08-29T10:30:00+00:00,2026-08-29T13:30:00+00:00
130,a992f17b-79b6-5dcf-aed4-2aebaa5775c7,6b9b6012-cdb4-50eb-8ad0-01c36516df23,accepted,2026-08-04T10:30:00+00:00,2026-08-04T13:30:00+00:00
131,a992f17b-79b6-5dcf-aed4-2aebaa5775c7,7f0221a7-4703-52e7-8b26-fa2cd7303c90,accepted,2026-07-29T10:30:00+00:00,2026-07-29T13:30:00+00:00
132,6b9b6012-cdb4-50eb-8ad0-01c36516df23,10feece1-a2cd-532b-8488-21659a3bee22,accepted,2026-08-15T10:30:00+00:00,2026-08-15T13:30:00+00:00
133,e502b694-466f-5e1f-9293-146b264ae20c,1062abbb-4fcd-51a9-95fc-5474e4af7640,accepted,2026-09-02T10:30:00+00:00,2026-09-02T13:30:00+00:00
134,e502b694-466f-5e1f-9293-146b264ae20c,7bdf8ad6-1318-5f74-9112-e2b655e215a2,pending,2026-07-24T10:30:00+00:00,2026-07-24T10:30:00+00:00
135,84da666c-c47c-572e-b2c9-3b6f35881596,0e49007f-82be-5238-a956-37d8f7b40d4c,accepted,2026-08-14T10:30:00+00:00,2026-08-14T13:30:00+00:00
136,84da666c-c47c-572e-b2c9-3b6f35881596,5c465a9a-bc36-5d7b-b5a2-0f18d9dab68a,accepted,2026-07-26T10:30:00+00:00,2026-07-26T13:30:00+00:00
137,84da666c-c47c-572e-b2c9-3b6f35881596,a2cc3818-be31-5aeb-828c-e23f579431aa,accepted,2026-08-12T10:30:00+00:00,2026-08-12T13:30:00+00:00
138,0e49007f-82be-5238-a956-37d8f7b40d4c,096499d2-73d6-5063-9dd4-a7c1aebac61d,pending,2026-09-10T10:30:00+00:00,2026-09-10T10:30:00+00:00
139,0e49007f-82be-5238-a956-37d8f7b40d4c,1767869f-381f-59b9-acac-01da2d539e40,accepted,2026-09-09T10:30:00+00:00,2026-09-09T13:30:00+00:00
140,0e49007f-82be-5238-a956-37d8f7b40d4c,baa8ef70-5b01-5a49-84cb-71c353290705,accepted,2026-08-07T10:30:00+00:00,2026-08-07T13:30:00+00:00
141,774fd1d7-ca6b-5177-9d91-fc7b24739425,9edec740-5de6-5c27-8233-5cf72946b182,pending,2026-08-12T10:30:00+00:00,2026-08-12T10:30:00+00:00
142,ee289908-380a-5bb3-8fdc-0990b203929b,a992f17b-79b6-5dcf-aed4-2aebaa5775c7,accepted,2026-08-02T10:30:00+00:00,2026-08-02T13:30:00+00:00
143,ee289908-380a-5bb3-8fdc-0990b203929b,a60d0128-bffa-5d2d-9915-36693e6bc3ba,accepted,2026-08-22T10:30:00+00:00,2026-08-22T13:30:00+00:00
144,ee289908-380a-5bb3-8fdc-0990b203929b,7f0221a7-4703-52e7-8b26-fa2cd7303c90,accepted,2026-09-02T10:30:00+00:00,2026-09-02T13:30:00+00:00
145,84047d01-74e6-5a08-a20e-b5c25e3eff3e,e0b64119-ecb0-52a5-852d-39c211ce337a,accepted,2026-08-26T10:30:00+00:00,2026-08-26T13:30:00+00:00
146,84047d01-74e6-5a08-a20e-b5c25e3eff3e,e21dfd78-ea9f-5754-a3b2-3b3b66dd30b5,accepted,2026-08-24T10:30:00+00:00,2026-08-24T13:30:00+00:00
147,84047d01-74e6-5a08-a20e-b5c25e3eff3e,1bf86e3f-0e6e-5241-b319-71005237945f,accepted,2026-09-04T10:30:00+00:00,2026-09-04T13:30:00+00:00
148,bc38029f-d1c5-5b8f-8055-d446a522cb91,84047d01-74e6-5a08-a20e-b5c25e3eff3e,pending,2026-08-30T10:30:00+00:00,2026-08-30T10:30:00+00:00
149,5d857806-7d61-533b-bc12-af2d7b775d29,50de23a6-cd45-55ac-adb0-06d14b4ed8ce,accepted,2026-09-05T10:30:00+00:00,2026-09-05T13:30:00+00:00
150,5d857806-7d61-533b-bc12-af2d7b775d29,3d5b480d-3962-5c76-96ca-5459d65372aa,accepted,2026-07-31T10:30:00+00:00,2026-07-31T13:30:00+00:00
151,5d857806-7d61-533b-bc12-af2d7b775d29,4cf03b5a-e2ca-57f2-95b8-16a3b92247e6,accepted,2026-07-18T10:30:00+00:00,2026-07-18T13:30:00+00:00
152,5d857806-7d61-533b-bc12-af2d7b775d29,25797954-b022-582e-8349-e1e2c141368c,accepted,2026-08-21T10:30:00+00:00,2026-08-21T13:30:00+00:00
153,554a90ae-c448-548d-a552-cd8f1c340cbd,f2561442-8439-5138-9a3b-8bcf96f16609,accepted,2026-09-18T10:30:00+00:00,2026-09-18T13:30:00+00:00
154,4cf03b5a-e2ca-57f2-95b8-16a3b92247e6,33d87513-60c2-51ff-9ec5-f0f1389ed27e,accepted,2026-07-16T10:30:00+00:00,2026-07-16T13:30:00+00:00
155,4cf03b5a-e2ca-57f2-95b8-16a3b92247e6,f8f213c7-3d61-567e-9735-5e3e9498b892,accepted,2026-08-18T10:30:00+00:00,2026-08-18T13:30:00+00:00
156,4cf03b5a-e2ca-57f2-95b8-16a3b92247e6,302b84f9-9053-5cf7-bed0-305678227875,accepted,2026-09-07T10:30:00+00:00,2026-09-07T13:30:00+00:00
157,4cf03b5a-e2ca-57f2-95b8-16a3b92247e6,9edec740-5de6-5c27-8233-5cf72946b182,accepted,2026-09-07T10:30:00+00:00,2026-09-07T13:30:00+00:00
158,7b48b183-5d87-500f-9cec-2e003c19efac,6ecf180b-be59-594c-a33b-31bd0120f01f,accepted,2026-08-15T10:30:00+00:00,2026-08-15T13:30:00+00:00
159,7b48b183-5d87-500f-9cec-2e003c19efac,36016ab9-3cc9-5f6a-8bc7-1d138ad9cb43,accepted,2026-08-08T10:30:00+00:00,2026-08-08T13:30:00+00:00
160,96ccee9a-30f2-56cd-b597-a927c84e0f75,77c684c4-9514-5edc-85ff-1052c8544c14,accepted,2026-09-16T10:30:00+00:00,2026-09-16T13:30:00+00:00
161,96ccee9a-30f2-56cd-b597-a927c84e0f75,ae7ac442-d880-5cd8-bc30-8d21c5f7dc54,accepted,2026-08-30T10:30:00+00:00,2026-08-30T13:30:00+00:00
162,96ccee9a-30f2-56cd-b597-a927c84e0f75,7b48b183-5d87-500f-9cec-2e003c19efac,accepted,2026-08-03T10:30:00+00:00,2026-08-03T13:30:00+00:00
163,96ccee9a-30f2-56cd-b597-a927c84e0f75,e5b7ccce-2cb7-5b6e-95a5-32ffacbca87f,accepted,2026-09-17T10:30:00+00:00,2026-09-17T13:30:00+00:00
164,e5b7ccce-2cb7-5b6e-95a5-32ffacbca87f,8ecc0792-3789-53b2-a26e-fc6daa886eb7,accepted,2026-08-30T10:30:00+00:00,2026-08-30T13:30:00+00:00
165,e5b7ccce-2cb7-5b6e-95a5-32ffacbca87f,50de23a6-cd45-55ac-adb0-06d14b4ed8ce,pending,2026-09-08T10:30:00+00:00,2026-09-08T10:30:00+00:00
166,e5b7ccce-2cb7-5b6e-95a5-32ffacbca87f,51420309-4688-52d6-84b9-51c0dc3a900e,accepted,2026-08-12T10:30:00+00:00,2026-08-12T13:30:00+00:00
167,daa36188-60fd-56a2-938b-70b1b51084b0,405fd522-6b0d-52fc-b397-dc3ce2e4a2ea,pending,2026-07-17T10:30:00+00:00,2026-07-17T10:30:00+00:00
168,daa36188-60fd-56a2-938b-70b1b51084b0,bb4b0d34-59a4-5948-a9be-a1aa6caece55,accepted,2026-07-30T10:30:00+00:00,2026-07-30T13:30:00+00:00
169,daa36188-60fd-56a2-938b-70b1b51084b0,36016ab9-3cc9-5f6a-8bc7-1d138ad9cb43,accepted,2026-08-24T10:30:00+00:00,2026-08-24T13:30:00+00:00
170,daa36188-60fd-56a2-938b-70b1b51084b0,1873645b-b54c-51dc-a41a-7131e831a64f,accepted,2026-08-29T10:30:00+00:00,2026-08-29T13:30:00+00:00
171,36016ab9-3cc9-5f6a-8bc7-1d138ad9cb43,c6286e16-5e03-594c-aa67-861b8ba91b33,accepted,2026-07-21T10:30:00+00:00,2026-07-21T13:30:00+00:00
172,36016ab9-3cc9-5f6a-8bc7-1d138ad9cb43,33ba5d16-c38c-5bcf-9896-ea8ae81d6e7b,accepted,2026-09-15T10:30:00+00:00,2026-09-15T13:30:00+00:00
173,36016ab9-3cc9-5f6a-8bc7-1d138ad9cb43,9a026691-28ff-5880-9da3-006735af19d3,accepted,2026-07-16T10:30:00+00:00,2026-07-16T13:30:00+00:00
174,36016ab9-3cc9-5f6a-8bc7-1d138ad9cb43,473b12ab-4d0d-5b7f-89b2-c0a1e2405c60,accepted,2026-08-28T10:30:00+00:00,2026-08-28T13:30:00+00:00
175,5ccdaadc-80b2-50e1-a0c1-bad0246a7cf2,43a3bb15-e7a6-5c42-a198-3e0d7f080ba1,accepted,2026-07-19T10:30:00+00:00,2026-07-19T13:30:00+00:00
176,95ff45a0-9b28-55cb-bba6-22a608a4e30d,adfbbf3c-5175-5e0a-bf98-b8854f2081c2,pending,2026-07-19T10:30:00+00:00,2026-07-19T10:30:00+00:00
177,f0f4eb8c-a1ed-50a1-bc7d-2863700a31a5,6ab0c42d-0ad5-5b3d-9c6c-4ab9eaa47586,accepted,2026-07-16T10:30:00+00:00,2026-07-16T13:30:00+00:00
178,f0f4eb8c-a1ed-50a1-bc7d-2863700a31a5,50de23a6-cd45-55ac-adb0-06d14b4ed8ce,accepted,2026-08-13T10:30:00+00:00,2026-08-13T13:30:00+00:00
179,f0f4eb8c-a1ed-50a1-bc7d-2863700a31a5,40120057-c43a-5745-9d3a-d9b0c6b1e84e,pending,2026-08-17T10:30:00+00:00,2026-08-17T10:30:00+00:00
180,50de23a6-cd45-55ac-adb0-06d14b4ed8ce,f6e8344b-87f4-5461-93fc-b01ff1ae4265,accepted,2026-08-18T10:30:00+00:00,2026-08-18T13:30:00+00:00
181,7ef6d8e7-132e-5da5-a653-16dd2e5719c4,a36cd93c-2f0c-5956-9a51-8094e39a7bed,accepted,2026-07-19T10:30:00+00:00,2026-07-19T13:30:00+00:00
182,7ef6d8e7-132e-5da5-a653-16dd2e5719c4,673e8617-3280-5bfa-85a6-738a6d64aac6,accepted,2026-09-03T10:30:00+00:00,2026-09-03T13:30:00+00:00
183,7ef6d8e7-132e-5da5-a653-16dd2e5719c4,651ce25b-8132-52d9-8f74-889f22c3bb5c,accepted,2026-07-20T10:30:00+00:00,2026-07-20T13:30:00+00:00
184,a36cd93c-2f0c-5956-9a51-8094e39a7bed,88a268b0-6bca-5583-b041-ffdbc51be7e6,accepted,2026-08-02T10:30:00+00:00,2026-08-02T13:30:00+00:00
185,64b591cd-4cbe-577a-aba9-ee6912328a58,7ef6d8e7-132e-5da5-a653-16dd2e5719c4,accepted,2026-07-28T10:30:00+00:00,2026-07-28T13:30:00+00:00
186,a6b8342c-310b-5b88-9c07-602dbd646488,a36cd93c-2f0c-5956-9a51-8094e39a7bed,accepted,2026-07-20T10:30:00+00:00,2026-07-20T13:30:00+00:00
187,a6b8342c-310b-5b88-9c07-602dbd646488,7b359533-e634-59eb-a2c3-b5501ff96488,accepted,2026-08-16T10:30:00+00:00,2026-08-16T13:30:00+00:00
188,52ab3a8f-ec5c-5e66-bcd5-efc304512118,f0ca4141-ccff-5472-ba76-f4b194108c7b,accepted,2026-08-17T10:30:00+00:00,2026-08-17T13:30:00+00:00
189,5a4b137d-2ebb-5c75-8cdd-bf77406b4b9f,605985c4-d18d-54b0-829f-2a199ea5c81d,accepted,2026-07-26T10:30:00+00:00,2026-07-26T13:30:00+00:00
190,5a4b137d-2ebb-5c75-8cdd-bf77406b4b9f,341a0cef-f4a9-53ee-8980-229dc154ff4e,accepted,2026-08-15T10:30:00+00:00,2026-08-15T13:30:00+00:00
191,5a4b137d-2ebb-5c75-8cdd-bf77406b4b9f,0e49007f-82be-5238-a956-37d8f7b40d4c,accepted,2026-08-30T10:30:00+00:00,2026-08-30T13:30:00+00:00
192,f4b545d6-b6c0-54b8-847e-101d68428b48,7ef6d8e7-132e-5da5-a653-16dd2e5719c4,accepted,2026-08-27T10:30:00+00:00,2026-08-27T13:30:00+00:00
193,4845dc43-0c9d-5f09-aa4a-62e68abb5d12,d9fbcbde-376a-5f82-9fb5-268a24b02d57,accepted,2026-08-06T10:30:00+00:00,2026-08-06T13:30:00+00:00
194,4845dc43-0c9d-5f09-aa4a-62e68abb5d12,5a4b137d-2ebb-5c75-8cdd-bf77406b4b9f,accepted,2026-07-23T10:30:00+00:00,2026-07-23T13:30:00+00:00
195,e0b64119-ecb0-52a5-852d-39c211ce337a,a2cc3818-be31-5aeb-828c-e23f579431aa,accepted,2026-08-04T10:30:00+00:00,2026-08-04T13:30:00+00:00
196,e0b64119-ecb0-52a5-852d-39c211ce337a,96373821-4bf4-53b8-bd24-bb64bbb3b84e,accepted,2026-07-22T10:30:00+00:00,2026-07-22T13:30:00+00:00
197,e0b64119-ecb0-52a5-852d-39c211ce337a,ae96d203-7a11-52ed-9e02-cd93c3dda603,pending,2026-09-15T10:30:00+00:00,2026-09-15T10:30:00+00:00
198,ae96d203-7a11-52ed-9e02-cd93c3dda603,b0ebc690-efe0-594f-bd55-e4d7ec3454bc,accepted,2026-07-22T10:30:00+00:00,2026-07-22T13:30:00+00:00
199,ae96d203-7a11-52ed-9e02-cd93c3dda603,1062abbb-4fcd-51a9-95fc-5474e4af7640,accepted,2026-09-02T10:30:00+00:00,2026-09-02T13:30:00+00:00
200,ae96d203-7a11-52ed-9e02-cd93c3dda603,e502b694-466f-5e1f-9293-146b264ae20c,accepted,2026-07-25T10:30:00+00:00,2026-07-25T13:30:00+00:00
201,a2cc3818-be31-5aeb-828c-e23f579431aa,f0ca4141-ccff-5472-ba76-f4b194108c7b,pending,2026-09-08T10:30:00+00:00,2026-09-08T10:30:00+00:00
202,a2cc3818-be31-5aeb-828c-e23f579431aa,e1f9b739-b2d3-51e6-9609-05805a6d151c,accepted,2026-08-07T10:30:00+00:00,2026-08-07T13:30:00+00:00
203,baa8ef70-5b01-5a49-84cb-71c353290705,ae96d203-7a11-52ed-9e02-cd93c3dda603,accepted,2026-08-23T10:30:00+00:00,2026-08-23T13:30:00+00:00
204,baa8ef70-5b01-5a49-84cb-71c353290705,54561bf4-fe37-5b37-934d-9c7f81542f8b,accepted,2026-07-17T10:30:00+00:00,2026-07-17T13:30:00+00:00
205,baa8ef70-5b01-5a49-84cb-71c353290705,e0b64119-ecb0-52a5-852d-39c211ce337a,accepted,2026-07-20T10:30:00+00:00,2026-07-20T13:30:00+00:00
206,baa8ef70-5b01-5a49-84cb-71c353290705,0e992dba-f631-52d1-b7e3-76faec77c33f,accepted,2026-08-07T10:30:00+00:00,2026-08-07T13:30:00+00:00
207,d0c58825-6ead-50f6-9a07-f2f95dbb51ea,baa8ef70-5b01-5a49-84cb-71c353290705,accepted,2026-09-12T10:30:00+00:00,2026-09-12T13:30:00+00:00
208,d0c58825-6ead-50f6-9a07-f2f95dbb51ea,d9aaa9eb-5304-587b-b0f4-42a2d5930f54,accepted,2026-09-04T10:30:00+00:00,2026-09-04T13:30:00+00:00
209,f3744506-cae3-5f81-8a4f-506a60395be8,fb400c3e-ecd0-522e-8b8e-1323946be71a,accepted,2026-08-24T10:30:00+00:00,2026-08-24T13:30:00+00:00
210,96373821-4bf4-53b8-bd24-bb64bbb3b84e,bdc5faf6-386d-5338-99a0-32d156bcbd68,accepted,2026-08-08T10:30:00+00:00,2026-08-08T13:30:00+00:00
211,96373821-4bf4-53b8-bd24-bb64bbb3b84e,fbdfefdb-ca2d-5a0e-87ed-62021c1c11d4,pending,2026-07-23T10:30:00+00:00,2026-07-23T10:30:00+00:00
212,45cee65b-db52-5dff-b09d-0ee1ac2be20f,8fa5b823-1a70-59f7-9bb2-b3d5f36dc82b,accepted,2026-09-06T10:30:00+00:00,2026-09-06T13:30:00+00:00
213,95927b04-f214-5c26-878d-fb55176e41bc,f3744506-cae3-5f81-8a4f-506a60395be8,pending,2026-07-23T10:30:00+00:00,2026-07-23T10:30:00+00:00
214,95927b04-f214-5c26-878d-fb55176e41bc,7f0221a7-4703-52e7-8b26-fa2cd7303c90,accepted,2026-07-28T10:30:00+00:00,2026-07-28T13:30:00+00:00
215,95927b04-f214-5c26-878d-fb55176e41bc,02bf8d95-eee4-5287-b363-0551cc4a6d51,accepted,2026-09-15T10:30:00+00:00,2026-09-15T13:30:00+00:00
216,6467241a-6abd-5888-8e87-40e0e86cbc55,7e6a1243-34f5-52e6-862f-e5f3b2ebe640,pending,2026-08-20T10:30:00+00:00,2026-08-20T10:30:00+00:00
217,6467241a-6abd-5888-8e87-40e0e86cbc55,19e81afb-74c1-5b4a-9af3-469f3b610235,pending,2026-09-15T10:30:00+00:00,2026-09-15T10:30:00+00:00
218,6467241a-6abd-5888-8e87-40e0e86cbc55,f2561442-8439-5138-9a3b-8bcf96f16609,accepted,2026-09-14T10:30:00+00:00,2026-09-14T13:30:00+00:00
219,19e81afb-74c1-5b4a-9af3-469f3b610235,33d87513-60c2-51ff-9ec5-f0f1389ed27e,accepted,2026-09-02T10:30:00+00:00,2026-09-02T13:30:00+00:00
220,19e81afb-74c1-5b4a-9af3-469f3b610235,473b12ab-4d0d-5b7f-89b2-c0a1e2405c60,accepted,2026-08-25T10:30:00+00:00,2026-08-25T13:30:00+00:00
221,d48cab4b-e48b-59ae-88d6-41d5d463569d,f223e569-d735-5980-b77b-25d459e64a37,accepted,2026-07-17T10:30:00+00:00,2026-07-17T13:30:00+00:00
222,ab45f9eb-3fee-5ea5-bccb-faffc50f3e76,10feece1-a2cd-532b-8488-21659a3bee22,accepted,2026-08-10T10:30:00+00:00,2026-08-10T13:30:00+00:00
223,ab45f9eb-3fee-5ea5-bccb-faffc50f3e76,729fe171-fa0d-547e-b374-39bd19f4c645,accepted,2026-08-08T10:30:00+00:00,2026-08-08T13:30:00+00:00
224,eb397f92-99ac-5f0f-8f81-3540865f0477,f4793612-bd5c-52c4-b29e-226fe28a77ca,accepted,2026-09-11T10:30:00+00:00,2026-09-11T13:30:00+00:00
225,eb397f92-99ac-5f0f-8f81-3540865f0477,f223e569-d735-5980-b77b-25d459e64a37,accepted,2026-08-02T10:30:00+00:00,2026-08-02T13:30:00+00:00
226,25797954-b022-582e-8349-e1e2c141368c,a070c6d0-c23b-5036-b352-f16db0d6ec8e,accepted,2026-08-18T10:30:00+00:00,2026-08-18T13:30:00+00:00
227,25797954-b022-582e-8349-e1e2c141368c,eb397f92-99ac-5f0f-8f81-3540865f0477,accepted,2026-07-26T10:30:00+00:00,2026-07-26T13:30:00+00:00
228,bb4b0d34-59a4-5948-a9be-a1aa6caece55,5ce94e6e-a987-5fd1-90b2-94a1174f9376,accepted,2026-09-12T10:30:00+00:00,2026-09-12T13:30:00+00:00
229,bb4b0d34-59a4-5948-a9be-a1aa6caece55,6ac5a7a4-ae0d-5e31-8a7c-d85b63a96c46,accepted,2026-08-14T10:30:00+00:00,2026-08-14T13:30:00+00:00
230,33ba5d16-c38c-5bcf-9896-ea8ae81d6e7b,473b12ab-4d0d-5b7f-89b2-c0a1e2405c60,accepted,2026-07-29T10:30:00+00:00,2026-07-29T13:30:00+00:00
231,33ba5d16-c38c-5bcf-9896-ea8ae81d6e7b,f8f213c7-3d61-567e-9735-5e3e9498b892,accepted,2026-08-11T10:30:00+00:00,2026-08-11T13:30:00+00:00
232,33ba5d16-c38c-5bcf-9896-ea8ae81d6e7b,cac67f41-f5af-5268-9e2d-34feac0dc9fa,accepted,2026-09-05T10:30:00+00:00,2026-09-05T13:30:00+00:00
233,f223e569-d735-5980-b77b-25d459e64a37,fb400c3e-ecd0-522e-8b8e-1323946be71a,accepted,2026-08-28T10:30:00+00:00,2026-08-28T13:30:00+00:00
234,f223e569-d735-5980-b77b-25d459e64a37,bb4b0d34-59a4-5948-a9be-a1aa6caece55,accepted,2026-07-30T10:30:00+00:00,2026-07-30T13:30:00+00:00
235,a5526e82-ef69-522b-b3ad-df818658bde0,a6b8342c-310b-5b88-9c07-602dbd646488,pending,2026-08-06T10:30:00+00:00,2026-08-06T10:30:00+00:00
236,a5526e82-ef69-522b-b3ad-df818658bde0,3d0f3e54-413b-5a89-bc88-8cb0e7246b97,accepted,2026-08-20T10:30:00+00:00,2026-08-20T13:30:00+00:00
237,ae7ac442-d880-5cd8-bc30-8d21c5f7dc54,f4793612-bd5c-52c4-b29e-226fe28a77ca,pending,2026-07-23T10:30:00+00:00,2026-07-23T10:30:00+00:00
238,ae7ac442-d880-5cd8-bc30-8d21c5f7dc54,20b63262-d3e6-555a-95b2-84fc87694a19,accepted,2026-08-17T10:30:00+00:00,2026-08-17T13:30:00+00:00
239,ae7ac442-d880-5cd8-bc30-8d21c5f7dc54,77c684c4-9514-5edc-85ff-1052c8544c14,accepted,2026-07-24T10:30:00+00:00,2026-07-24T13:30:00+00:00
240,6690668c-e73d-51ff-9ca4-36bec9b8c175,dfe9e449-d177-56af-a679-d3e1c78c5c02,pending,2026-07-19T10:30:00+00:00,2026-07-19T10:30:00+00:00
241,6690668c-e73d-51ff-9ca4-36bec9b8c175,50de23a6-cd45-55ac-adb0-06d14b4ed8ce,pending,2026-09-08T10:30:00+00:00,2026-09-08T10:30:00+00:00
242,6690668c-e73d-51ff-9ca4-36bec9b8c175,f2561442-8439-5138-9a3b-8bcf96f16609,accepted,2026-09-12T10:30:00+00:00,2026-09-12T13:30:00+00:00
243,6690668c-e73d-51ff-9ca4-36bec9b8c175,5d857806-7d61-533b-bc12-af2d7b775d29,accepted,2026-07-28T10:30:00+00:00,2026-07-28T13:30:00+00:00
244,f2561442-8439-5138-9a3b-8bcf96f16609,ae7ac442-d880-5cd8-bc30-8d21c5f7dc54,pending,2026-07-26T10:30:00+00:00,2026-07-26T10:30:00+00:00
245,f2561442-8439-5138-9a3b-8bcf96f16609,5ce94e6e-a987-5fd1-90b2-94a1174f9376,accepted,2026-09-18T10:30:00+00:00,2026-09-18T13:30:00+00:00
246,37b7aed3-d207-54f7-b4ec-0e05c50eaeb2,1dd6da2f-292d-52b5-8e0e-a84885e81ba1,accepted,2026-09-18T10:30:00+00:00,2026-09-18T13:30:00+00:00
247,1dd6da2f-292d-52b5-8e0e-a84885e81ba1,518ae987-15f7-5b22-8bcc-df59623dbdce,pending,2026-09-13T10:30:00+00:00,2026-09-13T10:30:00+00:00
248,1dd6da2f-292d-52b5-8e0e-a84885e81ba1,adfbbf3c-5175-5e0a-bf98-b8854f2081c2,accepted,2026-08-01T10:30:00+00:00,2026-08-01T13:30:00+00:00
249,adfbbf3c-5175-5e0a-bf98-b8854f2081c2,0b532307-3033-5baf-b61c-915d1213c01f,accepted,2026-09-10T10:30:00+00:00,2026-09-10T13:30:00+00:00
250,adfbbf3c-5175-5e0a-bf98-b8854f2081c2,20b63262-d3e6-555a-95b2-84fc87694a19,pending,2026-08-31T10:30:00+00:00,2026-08-31T10:30:00+00:00
251,20b63262-d3e6-555a-95b2-84fc87694a19,eb397f92-99ac-5f0f-8f81-3540865f0477,accepted,2026-07-17T10:30:00+00:00,2026-07-17T13:30:00+00:00
252,20b63262-d3e6-555a-95b2-84fc87694a19,508d03e7-de84-523a-8242-f48abc9451d7,pending,2026-08-16T10:30:00+00:00,2026-08-16T10:30:00+00:00
253,20b63262-d3e6-555a-95b2-84fc87694a19,77c684c4-9514-5edc-85ff-1052c8544c14,pending,2026-07-18T10:30:00+00:00,2026-07-18T10:30:00+00:00
254,20b63262-d3e6-555a-95b2-84fc87694a19,f4793612-bd5c-52c4-b29e-226fe28a77ca,accepted,2026-08-05T10:30:00+00:00,2026-08-05T13:30:00+00:00
255,605985c4-d18d-54b0-829f-2a199ea5c81d,54561bf4-fe37-5b37-934d-9c7f81542f8b,pending,2026-07-29T10:30:00+00:00,2026-07-29T10:30:00+00:00
256,605985c4-d18d-54b0-829f-2a199ea5c81d,0e49007f-82be-5238-a956-37d8f7b40d4c,pending,2026-08-22T10:30:00+00:00,2026-08-22T10:30:00+00:00
257,9355c2cf-38db-5118-9b77-3d5b5b3870df,d16e3cdc-2868-563d-867d-62fa9b8b24ea,pending,2026-08-01T10:30:00+00:00,2026-08-01T10:30:00+00:00
258,9355c2cf-38db-5118-9b77-3d5b5b3870df,34046d1a-c67e-5a81-b9d5-47dd4840c4fe,accepted,2026-08-21T10:30:00+00:00,2026-08-21T13:30:00+00:00
259,fd96bbd1-5601-5c99-a1e2-04b09168b35e,06657aeb-b604-5b0d-9281-d2e5afb78a9d,accepted,2026-09-08T10:30:00+00:00,2026-09-08T13:30:00+00:00
260,cb162f3d-006f-544e-bfa6-f9abb8a52026,518ae987-15f7-5b22-8bcc-df59623dbdce,accepted,2026-08-13T10:30:00+00:00,2026-08-13T13:30:00+00:00
261,7bdf8ad6-1318-5f74-9112-e2b655e215a2,ae96d203-7a11-52ed-9e02-cd93c3dda603,accepted,2026-07-29T10:30:00+00:00,2026-07-29T13:30:00+00:00
262,368442e7-2dfe-5df4-9ab7-a468b984050a,facb4557-eabe-5f8b-89cc-f223b91c89b7,pending,2026-08-11T10:30:00+00:00,2026-08-11T10:30:00+00:00
263,368442e7-2dfe-5df4-9ab7-a468b984050a,20b4182c-90f7-51da-99e8-97ade4d19a92,accepted,2026-08-04T10:30:00+00:00,2026-08-04T13:30:00+00:00
264,4c310820-12d3-5128-9a45-973db446b59e,e7dd6cb0-626e-510a-9e98-0498c534b04d,accepted,2026-07-20T10:30:00+00:00,2026-07-20T13:30:00+00:00
265,651ce25b-8132-52d9-8f74-889f22c3bb5c,9355c2cf-38db-5118-9b77-3d5b5b3870df,pending,2026-08-31T10:30:00+00:00,2026-08-31T10:30:00+00:00
266,53f78f7e-e2df-586b-b483-5748c92d0f9f,fd96bbd1-5601-5c99-a1e2-04b09168b35e,accepted,2026-09-03T10:30:00+00:00,2026-09-03T13:30:00+00:00
267,53f78f7e-e2df-586b-b483-5748c92d0f9f,06657aeb-b604-5b0d-9281-d2e5afb78a9d,accepted,2026-07-19T10:30:00+00:00,2026-07-19T13:30:00+00:00
268,a60d0128-bffa-5d2d-9915-36693e6bc3ba,54561bf4-fe37-5b37-934d-9c7f81542f8b,accepted,2026-09-12T10:30:00+00:00,2026-09-12T13:30:00+00:00
269,a60d0128-bffa-5d2d-9915-36693e6bc3ba,8300625d-d3f5-5264-8503-98a2bfbf60d8,accepted,2026-08-08T10:30:00+00:00,2026-08-08T13:30:00+00:00
270,a60d0128-bffa-5d2d-9915-36693e6bc3ba,45abfe15-6e8d-57cf-bda3-b7ae2b5c0bc7,pending,2026-08-20T10:30:00+00:00,2026-08-20T10:30:00+00:00
271,a60d0128-bffa-5d2d-9915-36693e6bc3ba,f0ca4141-ccff-5472-ba76-f4b194108c7b,accepted,2026-09-18T10:30:00+00:00,2026-09-18T13:30:00+00:00
272,e3efd234-c7f9-5957-937f-661b1c3981ef,ac9c9500-b7e4-5bbe-8f4e-a40a6201979a,accepted,2026-08-04T10:30:00+00:00,2026-08-04T13:30:00+00:00
273,e3efd234-c7f9-5957-937f-661b1c3981ef,54561bf4-fe37-5b37-934d-9c7f81542f8b,pending,2026-08-03T10:30:00+00:00,2026-08-03T10:30:00+00:00
274,e3efd234-c7f9-5957-937f-661b1c3981ef,8fa5b823-1a70-59f7-9bb2-b3d5f36dc82b,accepted,2026-08-04T10:30:00+00:00,2026-08-04T13:30:00+00:00
275,e3efd234-c7f9-5957-937f-661b1c3981ef,ae96d203-7a11-52ed-9e02-cd93c3dda603,accepted,2026-08-22T10:30:00+00:00,2026-08-22T13:30:00+00:00
276,f0ca4141-ccff-5472-ba76-f4b194108c7b,02bf8d95-eee4-5287-b363-0551cc4a6d51,accepted,2026-07-23T10:30:00+00:00,2026-07-23T13:30:00+00:00
277,f0ca4141-ccff-5472-ba76-f4b194108c7b,458287c3-1628-5e26-8930-0d88ae11ce1a,accepted,2026-08-04T10:30:00+00:00,2026-08-04T13:30:00+00:00
278,f0ca4141-ccff-5472-ba76-f4b194108c7b,5c465a9a-bc36-5d7b-b5a2-0f18d9dab68a,accepted,2026-07-16T10:30:00+00:00,2026-07-16T13:30:00+00:00
279,54561bf4-fe37-5b37-934d-9c7f81542f8b,0e49007f-82be-5238-a956-37d8f7b40d4c,accepted,2026-08-12T10:30:00+00:00,2026-08-12T13:30:00+00:00
280,54561bf4-fe37-5b37-934d-9c7f81542f8b,096499d2-73d6-5063-9dd4-a7c1aebac61d,pending,2026-07-20T10:30:00+00:00,2026-07-20T10:30:00+00:00
281,54561bf4-fe37-5b37-934d-9c7f81542f8b,0e992dba-f631-52d1-b7e3-76faec77c33f,accepted,2026-07-30T10:30:00+00:00,2026-07-30T13:30:00+00:00
282,54561bf4-fe37-5b37-934d-9c7f81542f8b,85df6dcd-e42a-581f-802b-eb93568b74eb,pending,2026-09-16T10:30:00+00:00,2026-09-16T10:30:00+00:00
283,f8f213c7-3d61-567e-9735-5e3e9498b892,8300625d-d3f5-5264-8503-98a2bfbf60d8,accepted,2026-07-26T10:30:00+00:00,2026-07-26T13:30:00+00:00
284,f8f213c7-3d61-567e-9735-5e3e9498b892,e747fee0-a84b-5f51-98a3-7481903c9023,accepted,2026-09-16T10:30:00+00:00,2026-09-16T13:30:00+00:00
285,9cba29b2-e169-54f3-9d61-1d5013f80312,eeeb9e89-042f-5fdc-8fcf-2c3ad56f9bf1,pending,2026-08-20T10:30:00+00:00,2026-08-20T10:30:00+00:00
286,9cba29b2-e169-54f3-9d61-1d5013f80312,f3744506-cae3-5f81-8a4f-506a60395be8,pending,2026-08-24T10:30:00+00:00,2026-08-24T10:30:00+00:00
287,9cba29b2-e169-54f3-9d61-1d5013f80312,d48cab4b-e48b-59ae-88d6-41d5d463569d,pending,2026-07-16T10:30:00+00:00,2026-07-16T10:30:00+00:00
288,ac9c9500-b7e4-5bbe-8f4e-a40a6201979a,b897da16-1a55-5740-8129-7d502e6f44b8,pending,2026-08-01T10:30:00+00:00,2026-08-01T10:30:00+00:00
289,ac9c9500-b7e4-5bbe-8f4e-a40a6201979a,67357d35-e727-50a5-9114-d5f2da172374,accepted,2026-09-07T10:30:00+00:00,2026-09-07T13:30:00+00:00
290,ac9c9500-b7e4-5bbe-8f4e-a40a6201979a,bc38029f-d1c5-5b8f-8055-d446a522cb91,accepted,2026-08-11T10:30:00+00:00,2026-08-11T13:30:00+00:00
291,8ecc0792-3789-53b2-a26e-fc6daa886eb7,5ce94e6e-a987-5fd1-90b2-94a1174f9376,pending,2026-08-31T10:30:00+00:00,2026-08-31T10:30:00+00:00
292,8ecc0792-3789-53b2-a26e-fc6daa886eb7,f6e8344b-87f4-5461-93fc-b01ff1ae4265,accepted,2026-07-22T10:30:00+00:00,2026-07-22T13:30:00+00:00
293,8ecc0792-3789-53b2-a26e-fc6daa886eb7,3d5b480d-3962-5c76-96ca-5459d65372aa,pending,2026-09-16T10:30:00+00:00,2026-09-16T10:30:00+00:00
294,5ce94e6e-a987-5fd1-90b2-94a1174f9376,daa36188-60fd-56a2-938b-70b1b51084b0,accepted,2026-08-25T10:30:00+00:00,2026-08-25T13:30:00+00:00
295,ec6d706d-7dba-534b-8700-e6752dbd06e1,cac67f41-f5af-5268-9e2d-34feac0dc9fa,accepted,2026-08-04T10:30:00+00:00,2026-08-04T13:30:00+00:00
296,ec6d706d-7dba-534b-8700-e6752dbd06e1,4cf03b5a-e2ca-57f2-95b8-16a3b92247e6,accepted,2026-08-11T10:30:00+00:00,2026-08-11T13:30:00+00:00
297,ec6d706d-7dba-534b-8700-e6752dbd06e1,33d87513-60c2-51ff-9ec5-f0f1389ed27e,accepted,2026-08-09T10:30:00+00:00,2026-08-09T13:30:00+00:00
298,ec6d706d-7dba-534b-8700-e6752dbd06e1,5ce94e6e-a987-5fd1-90b2-94a1174f9376,accepted,2026-08-15T10:30:00+00:00,2026-08-15T13:30:00+00:00
299,eeeb9e89-042f-5fdc-8fcf-2c3ad56f9bf1,5421f79d-ed60-5eed-852b-01b379adab9e,accepted,2026-08-29T10:30:00+00:00,2026-08-29T13:30:00+00:00
300,eeeb9e89-042f-5fdc-8fcf-2c3ad56f9bf1,082b47e7-5a06-5a34-bd49-595c82b2b196,accepted,2026-08-22T10:30:00+00:00,2026-08-22T13:30:00+00:00
301,eeeb9e89-042f-5fdc-8fcf-2c3ad56f9bf1,3b932376-f549-5a1c-a24b-664b4bc338e3,accepted,2026-08-13T10:30:00+00:00,2026-08-13T13:30:00+00:00
302,d767d4bb-a2aa-587a-90f9-23d0689ae52a,6720265f-9f2b-5485-bf24-54e1784991b6,accepted,2026-08-23T10:30:00+00:00,2026-08-23T13:30:00+00:00
303,d767d4bb-a2aa-587a-90f9-23d0689ae52a,eeeb9e89-042f-5fdc-8fcf-2c3ad56f9bf1,accepted,2026-08-03T10:30:00+00:00,2026-08-03T13:30:00+00:00
304,77c684c4-9514-5edc-85ff-1052c8544c14,001e944b-e64e-5742-afb7-5e04327e41ee,accepted,2026-07-17T10:30:00+00:00,2026-07-17T13:30:00+00:00
305,77c684c4-9514-5edc-85ff-1052c8544c14,d2a70bca-a25c-522f-9b7e-c967b69503cc,pending,2026-07-17T10:30:00+00:00,2026-07-17T10:30:00+00:00
306,77c684c4-9514-5edc-85ff-1052c8544c14,b39a9d3d-f3eb-5d31-9cc7-15e278969b70,accepted,2026-09-12T10:30:00+00:00,2026-09-12T13:30:00+00:00
307,a070c6d0-c23b-5036-b352-f16db0d6ec8e,5d857806-7d61-533b-bc12-af2d7b775d29,accepted,2026-08-10T10:30:00+00:00,2026-08-10T13:30:00+00:00
308,a070c6d0-c23b-5036-b352-f16db0d6ec8e,d2a70bca-a25c-522f-9b7e-c967b69503cc,pending,2026-08-23T10:30:00+00:00,2026-08-23T10:30:00+00:00
309,a070c6d0-c23b-5036-b352-f16db0d6ec8e,405fd522-6b0d-52fc-b397-dc3ce2e4a2ea,accepted,2026-09-04T10:30:00+00:00,2026-09-04T13:30:00+00:00
310,a070c6d0-c23b-5036-b352-f16db0d6ec8e,e5b7ccce-2cb7-5b6e-95a5-32ffacbca87f,accepted,2026-08-19T10:30:00+00:00,2026-08-19T13:30:00+00:00
311,d2a70bca-a25c-522f-9b7e-c967b69503cc,0b532307-3033-5baf-b61c-915d1213c01f,accepted,2026-07-30T10:30:00+00:00,2026-07-30T13:30:00+00:00
312,d2a70bca-a25c-522f-9b7e-c967b69503cc,33ba5d16-c38c-5bcf-9896-ea8ae81d6e7b,pending,2026-08-01T10:30:00+00:00,2026-08-01T10:30:00+00:00
313,d2a70bca-a25c-522f-9b7e-c967b69503cc,33d87513-60c2-51ff-9ec5-f0f1389ed27e,accepted,2026-08-13T10:30:00+00:00,2026-08-13T13:30:00+00:00
314,d2a70bca-a25c-522f-9b7e-c967b69503cc,19e81afb-74c1-5b4a-9af3-469f3b610235,accepted,2026-08-21T10:30:00+00:00,2026-08-21T13:30:00+00:00
315,bf54d417-d834-5d3e-a7f9-106377fe05a5,8819cb55-67e6-5a55-98c8-d80446975a9e,accepted,2026-08-31T10:30:00+00:00,2026-08-31T13:30:00+00:00
316,bf54d417-d834-5d3e-a7f9-106377fe05a5,cb162f3d-006f-544e-bfa6-f9abb8a52026,pending,2026-07-17T10:30:00+00:00,2026-07-17T10:30:00+00:00
317,bf54d417-d834-5d3e-a7f9-106377fe05a5,4c2177ab-592a-5e4a-b25b-8bb3f8090555,accepted,2026-07-19T10:30:00+00:00,2026-07-19T13:30:00+00:00
318,af808cd8-ab34-515f-a8a0-a1b0719a537b,b55b4f74-ded6-5cf1-aae0-9ad89c03c10c,accepted,2026-08-06T10:30:00+00:00,2026-08-06T13:30:00+00:00
319,af808cd8-ab34-515f-a8a0-a1b0719a537b,0da68170-ff38-5dad-9224-770d261f1c8a,pending,2026-08-09T10:30:00+00:00,2026-08-09T10:30:00+00:00
320,af808cd8-ab34-515f-a8a0-a1b0719a537b,9b2e34a9-6722-598e-a857-e346acd294bf,accepted,2026-08-02T10:30:00+00:00,2026-08-02T13:30:00+00:00
321,f985b68e-39ae-5c83-8468-2b126802c414,f21481e8-5bf3-5aa6-a7e0-fe6e26920e28,pending,2026-09-17T10:30:00+00:00,2026-09-17T10:30:00+00:00
322,f985b68e-39ae-5c83-8468-2b126802c414,20b63262-d3e6-555a-95b2-84fc87694a19,accepted,2026-08-07T10:30:00+00:00,2026-08-07T13:30:00+00:00
323,f985b68e-39ae-5c83-8468-2b126802c414,f4793612-bd5c-52c4-b29e-226fe28a77ca,accepted,2026-08-13T10:30:00+00:00,2026-08-13T13:30:00+00:00
324,f985b68e-39ae-5c83-8468-2b126802c414,0da68170-ff38-5dad-9224-770d261f1c8a,accepted,2026-08-22T10:30:00+00:00,2026-08-22T13:30:00+00:00
325,f21481e8-5bf3-5aa6-a7e0-fe6e26920e28,a070c6d0-c23b-5036-b352-f16db0d6ec8e,accepted,2026-09-01T10:30:00+00:00,2026-09-01T13:30:00+00:00
326,f21481e8-5bf3-5aa6-a7e0-fe6e26920e28,8ecc0792-3789-53b2-a26e-fc6daa886eb7,accepted,2026-08-03T10:30:00+00:00,2026-08-03T13:30:00+00:00
327,f21481e8-5bf3-5aa6-a7e0-fe6e26920e28,f6e8344b-87f4-5461-93fc-b01ff1ae4265,accepted,2026-09-09T10:30:00+00:00,2026-09-09T13:30:00+00:00
328,f21481e8-5bf3-5aa6-a7e0-fe6e26920e28,6690668c-e73d-51ff-9ca4-36bec9b8c175,accepted,2026-08-02T10:30:00+00:00,2026-08-02T13:30:00+00:00
329,34046d1a-c67e-5a81-b9d5-47dd4840c4fe,64609795-d498-5ea7-ad33-a3bcecf9d962,accepted,2026-07-25T10:30:00+00:00,2026-07-25T13:30:00+00:00
330,34046d1a-c67e-5a81-b9d5-47dd4840c4fe,96dbbdad-601e-5bc2-9d1a-78f9f6349a39,accepted,2026-07-20T10:30:00+00:00,2026-07-20T13:30:00+00:00
331,34046d1a-c67e-5a81-b9d5-47dd4840c4fe,d16e3cdc-2868-563d-867d-62fa9b8b24ea,accepted,2026-09-14T10:30:00+00:00,2026-09-14T13:30:00+00:00
332,90cced0e-f2c7-528c-bd28-38c44ead6c98,35e87bcc-650c-5e3f-9741-3f0c54905b6f,accepted,2026-08-16T10:30:00+00:00,2026-08-16T13:30:00+00:00
333,90cced0e-f2c7-528c-bd28-38c44ead6c98,34046d1a-c67e-5a81-b9d5-47dd4840c4fe,accepted,2026-07-22T10:30:00+00:00,2026-07-22T13:30:00+00:00
334,90cced0e-f2c7-528c-bd28-38c44ead6c98,d9fbcbde-376a-5f82-9fb5-268a24b02d57,accepted,2026-07-17T10:30:00+00:00,2026-07-17T13:30:00+00:00
335,eb3717c1-cd92-5eeb-af40-9df7f3132426,4c2177ab-592a-5e4a-b25b-8bb3f8090555,accepted,2026-08-25T10:30:00+00:00,2026-08-25T13:30:00+00:00
336,eb3717c1-cd92-5eeb-af40-9df7f3132426,518ae987-15f7-5b22-8bcc-df59623dbdce,accepted,2026-07-19T10:30:00+00:00,2026-07-19T13:30:00+00:00
337,eb3717c1-cd92-5eeb-af40-9df7f3132426,1dd6da2f-292d-52b5-8e0e-a84885e81ba1,accepted,2026-07-29T10:30:00+00:00,2026-07-29T13:30:00+00:00
338,9b2e34a9-6722-598e-a857-e346acd294bf,90cced0e-f2c7-528c-bd28-38c44ead6c98,accepted,2026-09-12T10:30:00+00:00,2026-09-12T13:30:00+00:00
339,9b2e34a9-6722-598e-a857-e346acd294bf,b7180518-4b5b-54ef-9060-958212d05ab7,accepted,2026-08-04T10:30:00+00:00,2026-08-04T13:30:00+00:00
340,9b2e34a9-6722-598e-a857-e346acd294bf,43a3bb15-e7a6-5c42-a198-3e0d7f080ba1,accepted,2026-09-02T10:30:00+00:00,2026-09-02T13:30:00+00:00
341,9b2e34a9-6722-598e-a857-e346acd294bf,dfe9e449-d177-56af-a679-d3e1c78c5c02,accepted,2026-09-07T10:30:00+00:00,2026-09-07T13:30:00+00:00
342,e1f9b739-b2d3-51e6-9609-05805a6d151c,9047d24d-0775-5f10-bf17-6e8fc62c5884,accepted,2026-08-07T10:30:00+00:00,2026-08-07T13:30:00+00:00
343,e1f9b739-b2d3-51e6-9609-05805a6d151c,1b1e4344-fde4-5cc2-b82c-4fb458696522,pending,2026-08-08T10:30:00+00:00,2026-08-08T10:30:00+00:00
344,341a0cef-f4a9-53ee-8980-229dc154ff4e,0e49007f-82be-5238-a956-37d8f7b40d4c,pending,2026-08-01T10:30:00+00:00,2026-08-01T10:30:00+00:00
345,341a0cef-f4a9-53ee-8980-229dc154ff4e,4966bb54-4d4f-5992-8586-1bd44991d17f,accepted,2026-09-18T10:30:00+00:00,2026-09-18T13:30:00+00:00
346,1b1e4344-fde4-5cc2-b82c-4fb458696522,d16e3cdc-2868-563d-867d-62fa9b8b24ea,accepted,2026-08-07T10:30:00+00:00,2026-08-07T13:30:00+00:00
347,1b1e4344-fde4-5cc2-b82c-4fb458696522,34046d1a-c67e-5a81-b9d5-47dd4840c4fe,accepted,2026-08-24T10:30:00+00:00,2026-08-24T13:30:00+00:00
348,1b1e4344-fde4-5cc2-b82c-4fb458696522,50d6350f-ffd4-59ad-a1ff-65a49a77a913,accepted,2026-09-07T10:30:00+00:00,2026-09-07T13:30:00+00:00
349,1b1e4344-fde4-5cc2-b82c-4fb458696522,341a0cef-f4a9-53ee-8980-229dc154ff4e,accepted,2026-08-16T10:30:00+00:00,2026-08-16T13:30:00+00:00
350,484e243b-afd7-5767-bb0f-4262c0334aea,fd96bbd1-5601-5c99-a1e2-04b09168b35e,accepted,2026-08-16T10:30:00+00:00,2026-08-16T13:30:00+00:00
351,d5dc7189-89df-5fd7-983f-1124b6de3d68,1b1e4344-fde4-5cc2-b82c-4fb458696522,accepted,2026-08-13T10:30:00+00:00,2026-08-13T13:30:00+00:00
352,ffe47fd1-7989-5728-addd-50b504edd889,10feece1-a2cd-532b-8488-21659a3bee22,accepted,2026-08-24T10:30:00+00:00,2026-08-24T13:30:00+00:00
353,ffe47fd1-7989-5728-addd-50b504edd889,e0b64119-ecb0-52a5-852d-39c211ce337a,accepted,2026-07-25T10:30:00+00:00,2026-07-25T13:30:00+00:00
354,ffe47fd1-7989-5728-addd-50b504edd889,96373821-4bf4-53b8-bd24-bb64bbb3b84e,accepted,2026-08-25T10:30:00+00:00,2026-08-25T13:30:00+00:00
355,20b4182c-90f7-51da-99e8-97ade4d19a92,02bf8d95-eee4-5287-b363-0551cc4a6d51,accepted,2026-08-10T10:30:00+00:00,2026-08-10T13:30:00+00:00
356,2e2e8079-6c9e-51c9-bc7e-1475045fd514,ef763ec1-f93c-5744-9640-4ca59adf9347,accepted,2026-07-28T10:30:00+00:00,2026-07-28T13:30:00+00:00
357,2e2e8079-6c9e-51c9-bc7e-1475045fd514,ffe47fd1-7989-5728-addd-50b504edd889,accepted,2026-08-01T10:30:00+00:00,2026-08-01T13:30:00+00:00
358,2e2e8079-6c9e-51c9-bc7e-1475045fd514,4c310820-12d3-5128-9a45-973db446b59e,accepted,2026-08-22T10:30:00+00:00,2026-08-22T13:30:00+00:00
359,2e2e8079-6c9e-51c9-bc7e-1475045fd514,0e49007f-82be-5238-a956-37d8f7b40d4c,accepted,2026-08-04T10:30:00+00:00,2026-08-04T13:30:00+00:00
360,673e8617-3280-5bfa-85a6-738a6d64aac6,64609795-d498-5ea7-ad33-a3bcecf9d962,pending,2026-08-17T10:30:00+00:00,2026-08-17T10:30:00+00:00
361,673e8617-3280-5bfa-85a6-738a6d64aac6,d16e3cdc-2868-563d-867d-62fa9b8b24ea,accepted,2026-08-22T10:30:00+00:00,2026-08-22T13:30:00+00:00
362,673e8617-3280-5bfa-85a6-738a6d64aac6,d9aaa9eb-5304-587b-b0f4-42a2d5930f54,pending,2026-09-02T10:30:00+00:00,2026-09-02T10:30:00+00:00
363,a53c485b-a35c-51fb-84a5-364207ce0adb,3b932376-f549-5a1c-a24b-664b4bc338e3,accepted,2026-08-20T10:30:00+00:00,2026-08-20T13:30:00+00:00
364,a53c485b-a35c-51fb-84a5-364207ce0adb,da462241-608b-5422-bdbd-0d98184a433d,accepted,2026-09-04T10:30:00+00:00,2026-09-04T13:30:00+00:00
365,da462241-608b-5422-bdbd-0d98184a433d,7f0221a7-4703-52e7-8b26-fa2cd7303c90,accepted,2026-09-07T10:30:00+00:00,2026-09-07T13:30:00+00:00
366,da462241-608b-5422-bdbd-0d98184a433d,ee289908-380a-5bb3-8fdc-0990b203929b,accepted,2026-08-03T10:30:00+00:00,2026-08-03T13:30:00+00:00
367,da462241-608b-5422-bdbd-0d98184a433d,302b84f9-9053-5cf7-bed0-305678227875,accepted,2026-07-20T10:30:00+00:00,2026-07-20T13:30:00+00:00
368,da462241-608b-5422-bdbd-0d98184a433d,a992f17b-79b6-5dcf-aed4-2aebaa5775c7,accepted,2026-08-17T10:30:00+00:00,2026-08-17T13:30:00+00:00
369,10feece1-a2cd-532b-8488-21659a3bee22,1bf86e3f-0e6e-5241-b319-71005237945f,accepted,2026-07-18T10:30:00+00:00,2026-07-18T13:30:00+00:00
370,10feece1-a2cd-532b-8488-21659a3bee22,da462241-608b-5422-bdbd-0d98184a433d,accepted,2026-08-29T10:30:00+00:00,2026-08-29T13:30:00+00:00
371,44f09dba-7a20-5f46-840b-4670e6c7eb92,10feece1-a2cd-532b-8488-21659a3bee22,accepted,2026-08-10T10:30:00+00:00,2026-08-10T13:30:00+00:00
372,44f09dba-7a20-5f46-840b-4670e6c7eb92,e1f9b739-b2d3-51e6-9609-05805a6d151c,accepted,2026-08-06T10:30:00+00:00,2026-08-06T13:30:00+00:00
373,a0a53b38-722a-56e6-a52c-fe0e06169a59,405fd522-6b0d-52fc-b397-dc3ce2e4a2ea,accepted,2026-08-14T10:30:00+00:00,2026-08-14T13:30:00+00:00
374,9a026691-28ff-5880-9da3-006735af19d3,f8f213c7-3d61-567e-9735-5e3e9498b892,pending,2026-08-06T10:30:00+00:00,2026-08-06T10:30:00+00:00
375,5421f79d-ed60-5eed-852b-01b379adab9e,0947c4b9-50d6-50e2-9043-84a15b80e8c7,accepted,2026-09-01T10:30:00+00:00,2026-09-01T13:30:00+00:00
376,5421f79d-ed60-5eed-852b-01b379adab9e,bdc5faf6-386d-5338-99a0-32d156bcbd68,pending,2026-07-26T10:30:00+00:00,2026-07-26T10:30:00+00:00
377,5421f79d-ed60-5eed-852b-01b379adab9e,6988340a-a3c1-5fda-a996-711f1723c649,accepted,2026-07-30T10:30:00+00:00,2026-07-30T13:30:00+00:00
378,5421f79d-ed60-5eed-852b-01b379adab9e,a53c485b-a35c-51fb-84a5-364207ce0adb,accepted,2026-07-20T10:30:00+00:00,2026-07-20T13:30:00+00:00
379,45abfe15-6e8d-57cf-bda3-b7ae2b5c0bc7,5421f79d-ed60-5eed-852b-01b379adab9e,accepted,2026-08-27T10:30:00+00:00,2026-08-27T13:30:00+00:00
380,45abfe15-6e8d-57cf-bda3-b7ae2b5c0bc7,ee289908-380a-5bb3-8fdc-0990b203929b,pending,2026-08-23T10:30:00+00:00,2026-08-23T10:30:00+00:00
381,bdc5faf6-386d-5338-99a0-32d156bcbd68,729fe171-fa0d-547e-b374-39bd19f4c645,accepted,2026-08-03T10:30:00+00:00,2026-08-03T13:30:00+00:00
382,bdc5faf6-386d-5338-99a0-32d156bcbd68,458287c3-1628-5e26-8930-0d88ae11ce1a,pending,2026-08-31T10:30:00+00:00,2026-08-31T10:30:00+00:00
383,bdc5faf6-386d-5338-99a0-32d156bcbd68,10feece1-a2cd-532b-8488-21659a3bee22,accepted,2026-08-26T10:30:00+00:00,2026-08-26T13:30:00+00:00
384,51420309-4688-52d6-84b9-51c0dc3a900e,25797954-b022-582e-8349-e1e2c141368c,accepted,2026-07-23T10:30:00+00:00,2026-07-23T13:30:00+00:00
385,7624f38b-fbca-546f-af04-c9dda9318f82,daa36188-60fd-56a2-938b-70b1b51084b0,accepted,2026-09-02T10:30:00+00:00,2026-09-02T13:30:00+00:00
386,7624f38b-fbca-546f-af04-c9dda9318f82,0bd9c807-50b6-567b-befe-96c80ed2fc9d,accepted,2026-07-20T10:30:00+00:00,2026-07-20T13:30:00+00:00
387,7624f38b-fbca-546f-af04-c9dda9318f82,3b932376-f549-5a1c-a24b-664b4bc338e3,accepted,2026-08-10T10:30:00+00:00,2026-08-10T13:30:00+00:00
388,7624f38b-fbca-546f-af04-c9dda9318f82,6467241a-6abd-5888-8e87-40e0e86cbc55,pending,2026-09-13T10:30:00+00:00,2026-09-13T10:30:00+00:00
389,33d87513-60c2-51ff-9ec5-f0f1389ed27e,3b932376-f549-5a1c-a24b-664b4bc338e3,accepted,2026-07-18T10:30:00+00:00,2026-07-18T13:30:00+00:00
390,33d87513-60c2-51ff-9ec5-f0f1389ed27e,33ba5d16-c38c-5bcf-9896-ea8ae81d6e7b,pending,2026-08-25T10:30:00+00:00,2026-08-25T10:30:00+00:00
391,e137404e-9196-525c-b17a-44dc96d29f29,64b591cd-4cbe-577a-aba9-ee6912328a58,accepted,2026-08-14T10:30:00+00:00,2026-08-14T13:30:00+00:00
392,e137404e-9196-525c-b17a-44dc96d29f29,d3175e63-6121-5d55-b429-df91670d9aca,pending,2026-08-19T10:30:00+00:00,2026-08-19T10:30:00+00:00
393,e137404e-9196-525c-b17a-44dc96d29f29,4ec67eb8-4fda-5cbc-bbd1-a6afc7ce8130,accepted,2026-09-12T10:30:00+00:00,2026-09-12T13:30:00+00:00
394,e137404e-9196-525c-b17a-44dc96d29f29,af808cd8-ab34-515f-a8a0-a1b0719a537b,accepted,2026-08-11T10:30:00+00:00,2026-08-11T13:30:00+00:00
395,3bc3e38a-5ff7-5330-ab2d-8add18e85d57,a6b8342c-310b-5b88-9c07-602dbd646488,accepted,2026-08-25T10:30:00+00:00,2026-08-25T13:30:00+00:00
396,3bc3e38a-5ff7-5330-ab2d-8add18e85d57,6cf4bb40-4d81-5eb3-b9d9-5841cd55724e,accepted,2026-09-14T10:30:00+00:00,2026-09-14T13:30:00+00:00
397,610e9654-06d6-5e55-959b-377b8749b8f9,e5b7ccce-2cb7-5b6e-95a5-32ffacbca87f,accepted,2026-08-18T10:30:00+00:00,2026-08-18T13:30:00+00:00
398,6cf4bb40-4d81-5eb3-b9d9-5841cd55724e,a0a53b38-722a-56e6-a52c-fe0e06169a59,accepted,2026-08-30T10:30:00+00:00,2026-08-30T13:30:00+00:00
399,6cf4bb40-4d81-5eb3-b9d9-5841cd55724e,554a90ae-c448-548d-a552-cd8f1c340cbd,pending,2026-09-17T10:30:00+00:00,2026-09-17T10:30:00+00:00
400,6cf4bb40-4d81-5eb3-b9d9-5841cd55724e,e137404e-9196-525c-b17a-44dc96d29f29,accepted,2026-07-17T10:30:00+00:00,2026-07-17T13:30:00+00:00
401,cd8c4c60-ab9b-5cf3-996e-d4fbb990f4c6,d9fbcbde-376a-5f82-9fb5-268a24b02d57,accepted,2026-09-09T10:30:00+00:00,2026-09-09T13:30:00+00:00
402,cd8c4c60-ab9b-5cf3-996e-d4fbb990f4c6,35e87bcc-650c-5e3f-9741-3f0c54905b6f,accepted,2026-08-27T10:30:00+00:00,2026-08-27T13:30:00+00:00
403,cd8c4c60-ab9b-5cf3-996e-d4fbb990f4c6,a36cd93c-2f0c-5956-9a51-8094e39a7bed,accepted,2026-08-29T10:30:00+00:00,2026-08-29T13:30:00+00:00
404,878bb7d9-5569-5efb-bbd1-5e39d62d594d,d5dc7189-89df-5fd7-983f-1124b6de3d68,accepted,2026-08-29T10:30:00+00:00,2026-08-29T13:30:00+00:00
405,878bb7d9-5569-5efb-bbd1-5e39d62d594d,4c2177ab-592a-5e4a-b25b-8bb3f8090555,accepted,2026-07-24T10:30:00+00:00,2026-07-24T13:30:00+00:00
406,878bb7d9-5569-5efb-bbd1-5e39d62d594d,6ab0c42d-0ad5-5b3d-9c6c-4ab9eaa47586,accepted,2026-07-16T10:30:00+00:00,2026-07-16T13:30:00+00:00
407,878bb7d9-5569-5efb-bbd1-5e39d62d594d,6ecf180b-be59-594c-a33b-31bd0120f01f,pending,2026-08-04T10:30:00+00:00,2026-08-04T10:30:00+00:00
408,ea7edc0e-b64d-545f-b311-b4ee943f2935,4ec67eb8-4fda-5cbc-bbd1-a6afc7ce8130,accepted,2026-07-24T10:30:00+00:00,2026-07-24T13:30:00+00:00
409,ea7edc0e-b64d-545f-b311-b4ee943f2935,5ccdaadc-80b2-50e1-a0c1-bad0246a7cf2,accepted,2026-09-09T10:30:00+00:00,2026-09-09T13:30:00+00:00
410,6ecf180b-be59-594c-a33b-31bd0120f01f,3bc3e38a-5ff7-5330-ab2d-8add18e85d57,accepted,2026-08-29T10:30:00+00:00,2026-08-29T13:30:00+00:00
411,6ecf180b-be59-594c-a33b-31bd0120f01f,adfbbf3c-5175-5e0a-bf98-b8854f2081c2,accepted,2026-07-31T10:30:00+00:00,2026-07-31T13:30:00+00:00
412,096499d2-73d6-5063-9dd4-a7c1aebac61d,63fdd1e3-9db3-5b05-9799-510eea6abab7,accepted,2026-08-24T10:30:00+00:00,2026-08-24T13:30:00+00:00
413,096499d2-73d6-5063-9dd4-a7c1aebac61d,1767869f-381f-59b9-acac-01da2d539e40,accepted,2026-09-04T10:30:00+00:00,2026-09-04T13:30:00+00:00
414,64609795-d498-5ea7-ad33-a3bcecf9d962,651ce25b-8132-52d9-8f74-889f22c3bb5c,accepted,2026-08-17T10:30:00+00:00,2026-08-17T13:30:00+00:00
415,64609795-d498-5ea7-ad33-a3bcecf9d962,9d1c460b-bd0b-57ff-ac14-f2b10f73edd3,pending,2026-07-18T10:30:00+00:00,2026-07-18T10:30:00+00:00
416,64609795-d498-5ea7-ad33-a3bcecf9d962,096499d2-73d6-5063-9dd4-a7c1aebac61d,accepted,2026-07-22T10:30:00+00:00,2026-07-22T13:30:00+00:00
417,9d1c460b-bd0b-57ff-ac14-f2b10f73edd3,88a268b0-6bca-5583-b041-ffdbc51be7e6,accepted,2026-09-15T10:30:00+00:00,2026-09-15T13:30:00+00:00
418,9d1c460b-bd0b-57ff-ac14-f2b10f73edd3,53f78f7e-e2df-586b-b483-5748c92d0f9f,accepted,2026-08-04T10:30:00+00:00,2026-08-04T13:30:00+00:00
419,9d1c460b-bd0b-57ff-ac14-f2b10f73edd3,63fdd1e3-9db3-5b05-9799-510eea6abab7,accepted,2026-07-18T10:30:00+00:00,2026-07-18T13:30:00+00:00
420,63fdd1e3-9db3-5b05-9799-510eea6abab7,878bb7d9-5569-5efb-bbd1-5e39d62d594d,accepted,2026-07-20T10:30:00+00:00,2026-07-20T13:30:00+00:00
421,4ec67eb8-4fda-5cbc-bbd1-a6afc7ce8130,5ccdaadc-80b2-50e1-a0c1-bad0246a7cf2,accepted,2026-09-12T10:30:00+00:00,2026-09-12T13:30:00+00:00
422,4ec67eb8-4fda-5cbc-bbd1-a6afc7ce8130,8ae0340a-8eaf-5e9d-9db0-ac449334023d,pending,2026-09-05T10:30:00+00:00,2026-09-05T10:30:00+00:00
423,4ec67eb8-4fda-5cbc-bbd1-a6afc7ce8130,b7180518-4b5b-54ef-9060-958212d05ab7,accepted,2026-07-16T10:30:00+00:00,2026-07-16T13:30:00+00:00
424,4ec67eb8-4fda-5cbc-bbd1-a6afc7ce8130,dfe9e449-d177-56af-a679-d3e1c78c5c02,accepted,2026-08-26T10:30:00+00:00,2026-08-26T13:30:00+00:00
425,44a33563-638c-52da-ae01-285f43dfcb99,e502b694-466f-5e1f-9293-146b264ae20c,accepted,2026-09-01T10:30:00+00:00,2026-09-01T13:30:00+00:00
426,58074159-53d7-5a52-8436-d84a05af35a9,096499d2-73d6-5063-9dd4-a7c1aebac61d,accepted,2026-08-29T10:30:00+00:00,2026-08-29T13:30:00+00:00
427,58074159-53d7-5a52-8436-d84a05af35a9,2e2e8079-6c9e-51c9-bc7e-1475045fd514,accepted,2026-09-18T10:30:00+00:00,2026-09-18T13:30:00+00:00
428,58074159-53d7-5a52-8436-d84a05af35a9,02bf8d95-eee4-5287-b363-0551cc4a6d51,accepted,2026-07-27T10:30:00+00:00,2026-07-27T13:30:00+00:00
429,d9aaa9eb-5304-587b-b0f4-42a2d5930f54,f4b545d6-b6c0-54b8-847e-101d68428b48,accepted,2026-09-10T10:30:00+00:00,2026-09-10T13:30:00+00:00
430,d9aaa9eb-5304-587b-b0f4-42a2d5930f54,d6b81cb4-a299-5894-baa5-463cb63679a3,accepted,2026-07-29T10:30:00+00:00,2026-07-29T13:30:00+00:00
431,4307ee18-2e16-50be-abbc-db160bb8e8fd,37b7aed3-d207-54f7-b4ec-0e05c50eaeb2,accepted,2026-09-17T10:30:00+00:00,2026-09-17T13:30:00+00:00
432,49a9d8f7-08ea-5972-af3a-0ca0a6c06e59,a60d0128-bffa-5d2d-9915-36693e6bc3ba,accepted,2026-08-22T10:30:00+00:00,2026-08-22T13:30:00+00:00
433,49a9d8f7-08ea-5972-af3a-0ca0a6c06e59,e7c63421-97d2-555e-9731-46cb0f04f637,accepted,2026-09-01T10:30:00+00:00,2026-09-01T13:30:00+00:00
434,e7c63421-97d2-555e-9731-46cb0f04f637,e21dfd78-ea9f-5754-a3b2-3b3b66dd30b5,pending,2026-07-18T10:30:00+00:00,2026-07-18T10:30:00+00:00
435,e7c63421-97d2-555e-9731-46cb0f04f637,84047d01-74e6-5a08-a20e-b5c25e3eff3e,accepted,2026-07-28T10:30:00+00:00,2026-07-28T13:30:00+00:00
436,e7c63421-97d2-555e-9731-46cb0f04f637,10feece1-a2cd-532b-8488-21659a3bee22,accepted,2026-08-26T10:30:00+00:00,2026-08-26T13:30:00+00:00
437,e7c63421-97d2-555e-9731-46cb0f04f637,e747fee0-a84b-5f51-98a3-7481903c9023,accepted,2026-08-04T10:30:00+00:00,2026-08-04T13:30:00+00:00
438,b897da16-1a55-5740-8129-7d502e6f44b8,ae96d203-7a11-52ed-9e02-cd93c3dda603,pending,2026-09-10T10:30:00+00:00,2026-09-10T10:30:00+00:00
439,0e992dba-f631-52d1-b7e3-76faec77c33f,5a4b137d-2ebb-5c75-8cdd-bf77406b4b9f,accepted,2026-08-23T10:30:00+00:00,2026-08-23T13:30:00+00:00
440,473b12ab-4d0d-5b7f-89b2-c0a1e2405c60,8fa5b823-1a70-59f7-9bb2-b3d5f36dc82b,accepted,2026-07-16T10:30:00+00:00,2026-07-16T13:30:00+00:00
441,473b12ab-4d0d-5b7f-89b2-c0a1e2405c60,9a026691-28ff-5880-9da3-006735af19d3,pending,2026-07-17T10:30:00+00:00,2026-07-17T10:30:00+00:00
442,473b12ab-4d0d-5b7f-89b2-c0a1e2405c60,6720265f-9f2b-5485-bf24-54e1784991b6,accepted,2026-09-10T10:30:00+00:00,2026-09-10T13:30:00+00:00
443,88820056-e901-59a1-b2ca-c4e813b34f7b,f22a7317-9c2b-5d13-99b9-1a1622094bb3,accepted,2026-08-01T10:30:00+00:00,2026-08-01T13:30:00+00:00
444,6720265f-9f2b-5485-bf24-54e1784991b6,88820056-e901-59a1-b2ca-c4e813b34f7b,accepted,2026-09-01T10:30:00+00:00,2026-09-01T13:30:00+00:00
445,6720265f-9f2b-5485-bf24-54e1784991b6,a992f17b-79b6-5dcf-aed4-2aebaa5775c7,pending,2026-08-26T10:30:00+00:00,2026-08-26T10:30:00+00:00
446,fbdfefdb-ca2d-5a0e-87ed-62021c1c11d4,6720265f-9f2b-5485-bf24-54e1784991b6,accepted,2026-08-28T10:30:00+00:00,2026-08-28T13:30:00+00:00
447,fbdfefdb-ca2d-5a0e-87ed-62021c1c11d4,e747fee0-a84b-5f51-98a3-7481903c9023,pending,2026-08-06T10:30:00+00:00,2026-08-06T10:30:00+00:00
448,fbdfefdb-ca2d-5a0e-87ed-62021c1c11d4,ab45f9eb-3fee-5ea5-bccb-faffc50f3e76,accepted,2026-07-26T10:30:00+00:00,2026-07-26T13:30:00+00:00
449,fbdfefdb-ca2d-5a0e-87ed-62021c1c11d4,1bf86e3f-0e6e-5241-b319-71005237945f,accepted,2026-08-30T10:30:00+00:00,2026-08-30T13:30:00+00:00
450,8fa5b823-1a70-59f7-9bb2-b3d5f36dc82b,44a33563-638c-52da-ae01-285f43dfcb99,accepted,2026-07-31T10:30:00+00:00,2026-07-31T13:30:00+00:00
451,0bd9c807-50b6-567b-befe-96c80ed2fc9d,a0a53b38-722a-56e6-a52c-fe0e06169a59,accepted,2026-07-28T10:30:00+00:00,2026-07-28T13:30:00+00:00
452,0bd9c807-50b6-567b-befe-96c80ed2fc9d,daa36188-60fd-56a2-938b-70b1b51084b0,accepted,2026-08-13T10:30:00+00:00,2026-08-13T13:30:00+00:00
453,0bd9c807-50b6-567b-befe-96c80ed2fc9d,fb400c3e-ecd0-522e-8b8e-1323946be71a,accepted,2026-08-01T10:30:00+00:00,2026-08-01T13:30:00+00:00
454,c6286e16-5e03-594c-aa67-861b8ba91b33,ec6d706d-7dba-534b-8700-e6752dbd06e1,accepted,2026-07-24T10:30:00+00:00,2026-07-24T13:30:00+00:00
455,c6286e16-5e03-594c-aa67-861b8ba91b33,9edec740-5de6-5c27-8233-5cf72946b182,accepted,2026-07-18T10:30:00+00:00,2026-07-18T13:30:00+00:00
456,c6286e16-5e03-594c-aa67-861b8ba91b33,4cf03b5a-e2ca-57f2-95b8-16a3b92247e6,accepted,2026-09-10T10:30:00+00:00,2026-09-10T13:30:00+00:00
457,fb400c3e-ecd0-522e-8b8e-1323946be71a,c6286e16-5e03-594c-aa67-861b8ba91b33,accepted,2026-08-29T10:30:00+00:00,2026-08-29T13:30:00+00:00
458,fb400c3e-ecd0-522e-8b8e-1323946be71a,5421f79d-ed60-5eed-852b-01b379adab9e,accepted,2026-07-21T10:30:00+00:00,2026-07-21T13:30:00+00:00
459,fb400c3e-ecd0-522e-8b8e-1323946be71a,6988340a-a3c1-5fda-a996-711f1723c649,accepted,2026-08-12T10:30:00+00:00,2026-08-12T13:30:00+00:00
460,373cd20e-25d5-5a46-a0ae-18157cf68a55,a60d0128-bffa-5d2d-9915-36693e6bc3ba,pending,2026-08-24T10:30:00+00:00,2026-08-24T10:30:00+00:00
461,b5be680a-732e-55e0-bc5d-b80e831ff33a,6ecf180b-be59-594c-a33b-31bd0120f01f,accepted,2026-08-24T10:30:00+00:00,2026-08-24T13:30:00+00:00
462,40120057-c43a-5745-9d3a-d9b0c6b1e84e,96ccee9a-30f2-56cd-b597-a927c84e0f75,accepted,2026-08-26T10:30:00+00:00,2026-08-26T13:30:00+00:00
463,40120057-c43a-5745-9d3a-d9b0c6b1e84e,6d9d0917-bda8-5863-abe4-92d14b0cc926,accepted,2026-08-22T10:30:00+00:00,2026-08-22T13:30:00+00:00
464,40120057-c43a-5745-9d3a-d9b0c6b1e84e,6ac5a7a4-ae0d-5e31-8a7c-d85b63a96c46,accepted,2026-07-30T10:30:00+00:00,2026-07-30T13:30:00+00:00
465,6ac5a7a4-ae0d-5e31-8a7c-d85b63a96c46,5ce94e6e-a987-5fd1-90b2-94a1174f9376,accepted,2026-07-28T10:30:00+00:00,2026-07-28T13:30:00+00:00
466,6ac5a7a4-ae0d-5e31-8a7c-d85b63a96c46,6d9d0917-bda8-5863-abe4-92d14b0cc926,pending,2026-09-04T10:30:00+00:00,2026-09-04T10:30:00+00:00
467,cac67f41-f5af-5268-9e2d-34feac0dc9fa,6d9d0917-bda8-5863-abe4-92d14b0cc926,accepted,2026-09-05T10:30:00+00:00,2026-09-05T13:30:00+00:00
468,cac67f41-f5af-5268-9e2d-34feac0dc9fa,9edec740-5de6-5c27-8233-5cf72946b182,accepted,2026-08-26T10:30:00+00:00,2026-08-26T13:30:00+00:00
469,cac67f41-f5af-5268-9e2d-34feac0dc9fa,c6286e16-5e03-594c-aa67-861b8ba91b33,accepted,2026-07-31T10:30:00+00:00,2026-07-31T13:30:00+00:00
470,518ae987-15f7-5b22-8bcc-df59623dbdce,3d0f3e54-413b-5a89-bc88-8cb0e7246b97,accepted,2026-07-18T10:30:00+00:00,2026-07-18T13:30:00+00:00
471,518ae987-15f7-5b22-8bcc-df59623dbdce,bf54d417-d834-5d3e-a7f9-106377fe05a5,accepted,2026-08-27T10:30:00+00:00,2026-08-27T13:30:00+00:00
472,518ae987-15f7-5b22-8bcc-df59623dbdce,b7f1d97d-9f3c-5885-b9ef-48d67a16a686,accepted,2026-09-07T10:30:00+00:00,2026-09-07T13:30:00+00:00
473,b7180518-4b5b-54ef-9060-958212d05ab7,e137404e-9196-525c-b17a-44dc96d29f29,accepted,2026-08-06T10:30:00+00:00,2026-08-06T13:30:00+00:00
474,b7180518-4b5b-54ef-9060-958212d05ab7,f1fb49f6-8f16-5086-a3b3-1c5e169f9ad4,accepted,2026-08-18T10:30:00+00:00,2026-08-18T13:30:00+00:00
475,b7180518-4b5b-54ef-9060-958212d05ab7,f4793612-bd5c-52c4-b29e-226fe28a77ca,pending,2026-09-01T10:30:00+00:00,2026-09-01T10:30:00+00:00
476,3d0f3e54-413b-5a89-bc88-8cb0e7246b97,a6b8342c-310b-5b88-9c07-602dbd646488,accepted,2026-08-01T10:30:00+00:00,2026-08-01T13:30:00+00:00
477,f4793612-bd5c-52c4-b29e-226fe28a77ca,40120057-c43a-5745-9d3a-d9b0c6b1e84e,pending,2026-09-01T10:30:00+00:00,2026-09-01T10:30:00+00:00
478,f4793612-bd5c-52c4-b29e-226fe28a77ca,3d5b480d-3962-5c76-96ca-5459d65372aa,accepted,2026-08-26T10:30:00+00:00,2026-08-26T13:30:00+00:00
479,f4793612-bd5c-52c4-b29e-226fe28a77ca,693ebb02-ab3f-5d60-b798-d4d4df4900d2,accepted,2026-08-12T10:30:00+00:00,2026-08-12T13:30:00+00:00
480,d6b81cb4-a299-5894-baa5-463cb63679a3,7b359533-e634-59eb-a2c3-b5501ff96488,accepted,2026-07-29T10:30:00+00:00,2026-07-29T13:30:00+00:00
481,06657aeb-b604-5b0d-9281-d2e5afb78a9d,b7f1d97d-9f3c-5885-b9ef-48d67a16a686,pending,2026-09-01T10:30:00+00:00,2026-09-01T10:30:00+00:00
482,b7f1d97d-9f3c-5885-b9ef-48d67a16a686,4c2177ab-592a-5e4a-b25b-8bb3f8090555,accepted,2026-07-31T10:30:00+00:00,2026-07-31T13:30:00+00:00
483,d3175e63-6121-5d55-b429-df91670d9aca,4ec67eb8-4fda-5cbc-bbd1-a6afc7ce8130,accepted,2026-08-21T10:30:00+00:00,2026-08-21T13:30:00+00:00
484,7b359533-e634-59eb-a2c3-b5501ff96488,b5be680a-732e-55e0-bc5d-b80e831ff33a,accepted,2026-09-05T10:30:00+00:00,2026-09-05T13:30:00+00:00
485,7b359533-e634-59eb-a2c3-b5501ff96488,96dbbdad-601e-5bc2-9d1a-78f9f6349a39,accepted,2026-07-22T10:30:00+00:00,2026-07-22T13:30:00+00:00
486,9047d24d-0775-5f10-bf17-6e8fc62c5884,02bf8d95-eee4-5287-b363-0551cc4a6d51,pending,2026-08-26T10:30:00+00:00,2026-08-26T10:30:00+00:00
487,9047d24d-0775-5f10-bf17-6e8fc62c5884,f0ca4141-ccff-5472-ba76-f4b194108c7b,accepted,2026-07-28T10:30:00+00:00,2026-07-28T13:30:00+00:00
488,d16e3cdc-2868-563d-867d-62fa9b8b24ea,61347d09-09eb-5f04-a4ec-fe830319799f,accepted,2026-08-09T10:30:00+00:00,2026-08-09T13:30:00+00:00
489,d16e3cdc-2868-563d-867d-62fa9b8b24ea,3a376c3a-3e46-5c8c-815c-232b66ca9bc8,accepted,2026-08-20T10:30:00+00:00,2026-08-20T13:30:00+00:00
490,35e87bcc-650c-5e3f-9741-3f0c54905b6f,d16e3cdc-2868-563d-867d-62fa9b8b24ea,pending,2026-09-07T10:30:00+00:00,2026-09-07T10:30:00+00:00
491,35e87bcc-650c-5e3f-9741-3f0c54905b6f,9047d24d-0775-5f10-bf17-6e8fc62c5884,accepted,2026-09-02T10:30:00+00:00,2026-09-02T13:30:00+00:00
492,35e87bcc-650c-5e3f-9741-3f0c54905b6f,06657aeb-b604-5b0d-9281-d2e5afb78a9d,accepted,2026-07-16T10:30:00+00:00,2026-07-16T13:30:00+00:00
493,35e87bcc-650c-5e3f-9741-3f0c54905b6f,4307ee18-2e16-50be-abbc-db160bb8e8fd,accepted,2026-09-07T10:30:00+00:00,2026-09-07T13:30:00+00:00
494,61347d09-09eb-5f04-a4ec-fe830319799f,4c2177ab-592a-5e4a-b25b-8bb3f8090555,accepted,2026-07-21T10:30:00+00:00,2026-07-21T13:30:00+00:00
495,1bf86e3f-0e6e-5241-b319-71005237945f,e0b64119-ecb0-52a5-852d-39c211ce337a,accepted,2026-08-22T10:30:00+00:00,2026-08-22T13:30:00+00:00
496,1bf86e3f-0e6e-5241-b319-71005237945f,729fe171-fa0d-547e-b374-39bd19f4c645,accepted,2026-08-12T10:30:00+00:00,2026-08-12T13:30:00+00:00
497,7298015b-9105-595a-b879-3013c08053f7,8fa5b823-1a70-59f7-9bb2-b3d5f36dc82b,accepted,2026-07-21T10:30:00+00:00,2026-07-21T13:30:00+00:00
498,7298015b-9105-595a-b879-3013c08053f7,e3efd234-c7f9-5957-937f-661b1c3981ef,accepted,2026-07-20T10:30:00+00:00,2026-07-20T13:30:00+00:00
499,7298015b-9105-595a-b879-3013c08053f7,ac9c9500-b7e4-5bbe-8f4e-a40a6201979a,accepted,2026-08-05T10:30:00+00:00,2026-08-05T13:30:00+00:00
500,5c465a9a-bc36-5d7b-b5a2-0f18d9dab68a,facb4557-eabe-5f8b-89cc-f223b91c89b7,accepted,2026-08-04T10:30:00+00:00,2026-08-04T13:30:00+00:00
501,5c465a9a-bc36-5d7b-b5a2-0f18d9dab68a,5532dec3-02ae-5ac3-8b57-2e8214a8598b,pending,2026-08-24T10:30:00+00:00,2026-08-24T10:30:00+00:00
502,5c465a9a-bc36-5d7b-b5a2-0f18d9dab68a,01c00e49-c4d6-5d4b-bbc1-8aa3fe21ba2a,pending,2026-08-23T10:30:00+00:00,2026-08-23T10:30:00+00:00
503,5532dec3-02ae-5ac3-8b57-2e8214a8598b,e7dd6cb0-626e-510a-9e98-0498c534b04d,accepted,2026-08-31T10:30:00+00:00,2026-08-31T13:30:00+00:00
504,5532dec3-02ae-5ac3-8b57-2e8214a8598b,64609795-d498-5ea7-ad33-a3bcecf9d962,accepted,2026-08-01T10:30:00+00:00,2026-08-01T13:30:00+00:00
505,0947c4b9-50d6-50e2-9043-84a15b80e8c7,6988340a-a3c1-5fda-a996-711f1723c649,accepted,2026-09-04T10:30:00+00:00,2026-09-04T13:30:00+00:00
506,0947c4b9-50d6-50e2-9043-84a15b80e8c7,eeeb9e89-042f-5fdc-8fcf-2c3ad56f9bf1,accepted,2026-07-24T10:30:00+00:00,2026-07-24T13:30:00+00:00
507,82a5c89c-0b3a-58b9-9259-837a5348a5c2,7e6a1243-34f5-52e6-862f-e5f3b2ebe640,accepted,2026-09-05T10:30:00+00:00,2026-09-05T13:30:00+00:00
508,82a5c89c-0b3a-58b9-9259-837a5348a5c2,67357d35-e727-50a5-9114-d5f2da172374,accepted,2026-08-30T10:30:00+00:00,2026-08-30T13:30:00+00:00
509,82a5c89c-0b3a-58b9-9259-837a5348a5c2,a992f17b-79b6-5dcf-aed4-2aebaa5775c7,accepted,2026-09-17T10:30:00+00:00,2026-09-17T13:30:00+00:00
510,82a5c89c-0b3a-58b9-9259-837a5348a5c2,729fe171-fa0d-547e-b374-39bd19f4c645,pending,2026-07-30T10:30:00+00:00,2026-07-30T10:30:00+00:00
511,729fe171-fa0d-547e-b374-39bd19f4c645,e0b64119-ecb0-52a5-852d-39c211ce337a,accepted,2026-07-26T10:30:00+00:00,2026-07-26T13:30:00+00:00
512,729fe171-fa0d-547e-b374-39bd19f4c645,fbdfefdb-ca2d-5a0e-87ed-62021c1c11d4,accepted,2026-08-28T10:30:00+00:00,2026-08-28T13:30:00+00:00
513,729fe171-fa0d-547e-b374-39bd19f4c645,67357d35-e727-50a5-9114-d5f2da172374,pending,2026-08-26T10:30:00+00:00,2026-08-26T10:30:00+00:00
514,67357d35-e727-50a5-9114-d5f2da172374,7bdf8ad6-1318-5f74-9112-e2b655e215a2,accepted,2026-08-29T10:30:00+00:00,2026-08-29T13:30:00+00:00
515,67357d35-e727-50a5-9114-d5f2da172374,ef763ec1-f93c-5744-9640-4ca59adf9347,accepted,2026-08-19T10:30:00+00:00,2026-08-19T13:30:00+00:00
516,67357d35-e727-50a5-9114-d5f2da172374,e502b694-466f-5e1f-9293-146b264ae20c,pending,2026-08-17T10:30:00+00:00,2026-08-17T10:30:00+00:00
517,01c00e49-c4d6-5d4b-bbc1-8aa3fe21ba2a,9c9c228f-3bd5-5da4-b666-fbfab93b4b7e,pending,2026-08-03T10:30:00+00:00,2026-08-03T10:30:00+00:00
518,6988340a-a3c1-5fda-a996-711f1723c649,9cba29b2-e169-54f3-9d61-1d5013f80312,pending,2026-09-02T10:30:00+00:00,2026-09-02T10:30:00+00:00
519,6988340a-a3c1-5fda-a996-711f1723c649,f22a7317-9c2b-5d13-99b9-1a1622094bb3,accepted,2026-08-06T10:30:00+00:00,2026-08-06T13:30:00+00:00
520,6988340a-a3c1-5fda-a996-711f1723c649,88820056-e901-59a1-b2ca-c4e813b34f7b,accepted,2026-09-13T10:30:00+00:00,2026-09-13T13:30:00+00:00
521,783491ec-2857-52e8-a102-766d7abba6d2,8300625d-d3f5-5264-8503-98a2bfbf60d8,accepted,2026-08-28T10:30:00+00:00,2026-08-28T13:30:00+00:00
522,e21dfd78-ea9f-5754-a3b2-3b3b66dd30b5,ffe47fd1-7989-5728-addd-50b504edd889,accepted,2026-07-18T10:30:00+00:00,2026-07-18T13:30:00+00:00
523,e21dfd78-ea9f-5754-a3b2-3b3b66dd30b5,6b9b6012-cdb4-50eb-8ad0-01c36516df23,accepted,2026-09-09T10:30:00+00:00,2026-09-09T13:30:00+00:00
