id,project_id,user_id,role,joined_at
125,112,d9fbcbde-376a-5f82-9fb5-268a24b02d57,owner,2026-07-05T02:30:00+00:00
126,112,693ebb02-ab3f-5d60-b798-d4d4df4900d2,member,2026-07-05T06:30:00+00:00
127,112,eeeb9e89-042f-5fdc-8fcf-2c3ad56f9bf1,member,2026-07-05T10:30:00+00:00
128,112,90cced0e-f2c7-528c-bd28-38c44ead6c98,mentor,2026-07-05T14:30:00+00:00
129,113,001e944b-e64e-5742-afb7-5e04327e41ee,owner,2026-07-14T22:30:00+00:00
130,113,518ae987-15f7-5b22-8bcc-df59623dbdce,member,2026-07-15T02:30:00+00:00
131,114,a992f17b-79b6-5dcf-aed4-2aebaa5775c7,owner,2026-08-16T00:30:00+00:00
132,114,eeeb9e89-042f-5fdc-8fcf-2c3ad56f9bf1,member,2026-08-16T04:30:00+00:00
133,114,53f78f7e-e2df-586b-b483-5748c92d0f9f,member,2026-08-16T08:30:00+00:00
134,114,0947c4b9-50d6-50e2-9043-84a15b80e8c7,member,2026-08-16T12:30:00+00:00
135,115,f22a7317-9c2b-5d13-99b9-1a1622094bb3,owner,2026-07-24T19:30:00+00:00
136,115,1dd6da2f-292d-52b5-8e0e-a84885e81ba1,member,2026-07-24T23:30:00+00:00
137,116,daa36188-60fd-56a2-938b-70b1b51084b0,owner,2026-08-27T05:30:00+00:00
138,116,eeeb9e89-042f-5fdc-8fcf-2c3ad56f9bf1,member,2026-08-27T09:30:00+00:00
139,116,d48cab4b-e48b-59ae-88d6-41d5d463569d,member,2026-08-27T13:30:00+00:00
140,116,729fe171-fa0d-547e-b374-39bd19f4c645,member,2026-08-27T17:30:00+00:00
141,116,878bb7d9-5569-5efb-bbd1-5e39d62d594d,member,2026-08-27T21:30:00+00:00
142,117,1bc15434-bc22-56cc-a890-336efd2a11e5,owner,2026-08-25T05:30:00+00:00
143,117,b39a9d3d-f3eb-5d31-9cc7-15e278969b70,member,2026-08-25T09:30:00+00:00
144,117,878bb7d9-5569-5efb-bbd1-5e39d62d594d,member,2026-08-25T13:30:00+00:00
145,117,484e243b-afd7-5767-bb0f-4262c0334aea,member,2026-08-25T17:30:00+00:00
146,117,bf54d417-d834-5d3e-a7f9-106377fe05a5,member,2026-08-25T21:30:00+00:00
147,117,cb162f3d-006f-544e-bfa6-f9abb8a52026,member,2026-08-26T01:30:00+00:00
148,118,36016ab9-3cc9-5f6a-8bc7-1d138ad9cb43,owner,2026-08-21T08:30:00+00:00
149,118,c6286e16-5e03-594c-aa67-861b8ba91b33,member,2026-08-21T12:30:00+00:00
150,118,ef763ec1-f93c-5744-9640-4ca59adf9347,member,2026-08-21T16:30:00+00:00
151,119,f0f4eb8c-a1ed-50a1-bc7d-2863700a31a5,owner,2026-06-28T02:30:00+00:00
152,119,77c684c4-9514-5edc-85ff-1052c8544c14,member,2026-06-28T06:30:00+00:00
153,119,cb162f3d-006f-544e-bfa6-f9abb8a52026,member,2026-06-28T10:30:00+00:00
154,119,3425797b-5c54-5f3a-9a34-9cedb0dc5b84,member,2026-06-28T14:30:00+00:00
155,119,90cced0e-f2c7-528c-bd28-38c44ead6c98,mentor,2026-06-28T18:30:00+00:00
156,120,6ab0c42d-0ad5-5b3d-9c6c-4ab9eaa47586,owner,2026-08-08T00:30:00+00:00
157,121,19e81afb-74c1-5b4a-9af3-469f3b610235,owner,2026-07-03T19:30:00+00:00
158,122,a36cd93c-2f0c-5956-9a51-8094e39a7bed,owner,2026-07-29T01:30:00+00:00
159,122,693ebb02-ab3f-5d60-b798-d4d4df4900d2,member,2026-07-29T05:30:00+00:00
160,122,4845dc43-0c9d-5f09-aa4a-62e68abb5d12,mentor,2026-07-29T09:30:00+00:00
161,123,bb4b0d34-59a4-5948-a9be-a1aa6caece55,owner,2026-08-29T20:30:00+00:00
162,123,88a268b0-6bca-5583-b041-ffdbc51be7e6,member,2026-08-30T00:30:00+00:00
163,123,9d1c460b-bd0b-57ff-ac14-f2b10f73edd3,member,2026-08-30T04:30:00+00:00
164,124,6690668c-e73d-51ff-9ca4-36bec9b8c175,owner,2026-08-16T05:30:00+00:00
165,124,8300625d-d3f5-5264-8503-98a2bfbf60d8,member,2026-08-16T09:30:00+00:00
166,124,53f78f7e-e2df-586b-b483-5748c92d0f9f,member,2026-08-16T13:30:00+00:00
167,125,baa8ef70-5b01-5a49-84cb-71c353290705,owner,2026-08-14T15:30:00+00:00
168,125,5a4b137d-2ebb-5c75-8cdd-bf77406b4b9f,member,2026-08-14T19:30:00+00:00
169,125,06657aeb-b604-5b0d-9281-d2e5afb78a9d,member,2026-08-14T23:30:00+00:00
170,125,eb3717c1-cd92-5eeb-af40-9df7f3132426,member,2026-08-15T03:30:00+00:00
171,125,3b932376-f549-5a1c-a24b-664b4bc338e3,member,2026-08-15T07:30:00+00:00
172,126,95927b04-f214-5c26-878d-fb55176e41bc,owner,2026-07-15T23:30:00+00:00
173,126,518ae987-15f7-5b22-8bcc-df59623dbdce,member,2026-07-16T03:30:00+00:00
174,126,f223e569-d735-5980-b77b-25d459e64a37,member,2026-07-16T07:30:00+00:00
175,127,a60d0128-bffa-5d2d-9915-36693e6bc3ba,owner,2026-08-26T02:30:00+00:00
176,128,20b63262-d3e6-555a-95b2-84fc87694a19,owner,2026-07-03T22:30:00+00:00
177,128,d5dc7189-89df-5fd7-983f-1124b6de3d68,member,2026-07-04T02:30:00+00:00
178,129,8ecc0792-3789-53b2-a26e-fc6daa886eb7,owner,2026-08-29T09:30:00+00:00
179,129,cd8c4c60-ab9b-5cf3-996e-d4fbb990f4c6,member,2026-08-29T13:30:00+00:00
180,129,f4793612-bd5c-52c4-b29e-226fe28a77ca,member,2026-08-29T17:30:00+00:00
181,129,61347d09-09eb-5f04-a4ec-fe830319799f,member,2026-08-29T21:30:00+00:00
182,129,6e82bb3e-ede8-5803-ba1a-cc3aa8766199,member,2026-08-30T01:30:00+00:00
183,129,d9fbcbde-376a-5f82-9fb5-268a24b02d57,member,2026-08-30T05:30:00+00:00
184,130,e747fee0-a84b-5f51-98a3-7481903c9023,owner,2026-08-08T02:30:00+00:00
185,130,508d03e7-de84-523a-8242-f48abc9451d7,mentor,2026-08-08T06:30:00+00:00
186,130,bf54d417-d834-5d3e-a7f9-106377fe05a5,member,2026-08-08T10:30:00+00:00
187,130,484e243b-afd7-5767-bb0f-4262c0334aea,member,2026-08-08T14:30:00+00:00
188,130,50d6350f-ffd4-59ad-a1ff-65a49a77a913,member,2026-08-08T18:30:00+00:00
189,130,9cba29b2-e169-54f3-9d61-1d5013f80312,member,2026-08-08T22:30:00+00:00
190,131,651ce25b-8132-52d9-8f74-889f22c3bb5c,owner,2026-08-31T21:30:00+00:00
191,131,3a376c3a-3e46-5c8c-815c-232b66ca9bc8,member,2026-09-01T01:30:00+00:00
192,132,e3efd234-c7f9-5957-937f-661b1c3981ef,owner,2026-07-17T07:30:00+00:00
193,132,878bb7d9-5569-5efb-bbd1-5e39d62d594d,member,2026-07-17T11:30:00+00:00
194,132,7bdf8ad6-1318-5f74-9112-e2b655e215a2,member,2026-07-17T15:30:00+00:00
195,132,9d1c460b-bd0b-57ff-ac14-f2b10f73edd3,member,2026-07-17T19:30:00+00:00
196,132,6e82bb3e-ede8-5803-ba1a-cc3aa8766199,member,2026-07-17T23:30:00+00:00
197,133,bf54d417-d834-5d3e-a7f9-106377fe05a5,owner,2026-07-11T02:30:00+00:00
198,133,88820056-e901-59a1-b2ca-c4e813b34f7b,member,2026-07-11T06:30:00+00:00
199,133,50de23a6-cd45-55ac-adb0-06d14b4ed8ce,member,2026-07-11T10:30:00+00:00
200,133,f985b68e-39ae-5c83-8468-2b126802c414,member,2026-07-11T14:30:00+00:00
201,133,610e9654-06d6-5e55-959b-377b8749b8f9,member,2026-07-11T18:30:00+00:00
202,134,53f78f7e-e2df-586b-b483-5748c92d0f9f,owner,2026-08-26T20:30:00+00:00
203,134,61347d09-09eb-5f04-a4ec-fe830319799f,member,2026-08-27T00:30:00+00:00
204,134,b7f1d97d-9f3c-5885-b9ef-48d67a16a686,member,2026-08-27T04:30:00+00:00
205,135,ffe47fd1-7989-5728-addd-50b504edd889,owner,2026-07-25T03:30:00+00:00
206,135,729fe171-fa0d-547e-b374-39bd19f4c645,member,2026-07-25T07:30:00+00:00
207,135,f22a7317-9c2b-5d13-99b9-1a1622094bb3,member,2026-07-25T11:30:00+00:00
208,135,37b7aed3-d207-54f7-b4ec-0e05c50eaeb2,member,2026-07-25T15:30:00+00:00
209,135,4c2177ab-592a-5e4a-b25b-8bb3f8090555,member,2026-07-25T19:30:00+00:00
210,136,7624f38b-fbca-546f-af04-c9dda9318f82,owner,2026-08-08T07:30:00+00:00
211,136,001e944b-e64e-5742-afb7-5e04327e41ee,mentor,2026-08-08T11:30:00+00:00
212,137,20b4182c-90f7-51da-99e8-97ade4d19a92,owner,2026-07-28T20:30:00+00:00
213,137,5421f79d-ed60-5eed-852b-01b379adab9e,member,2026-07-29T00:30:00+00:00
214,137,4307ee18-2e16-50be-abbc-db160bb8e8fd,member,2026-07-29T04:30:00+00:00
215,137,f3744506-cae3-5f81-8a4f-506a60395be8,member,2026-07-29T08:30:00+00:00
216,137,37b7aed3-d207-54f7-b4ec-0e05c50eaeb2,member,2026-07-29T12:30:00+00:00
217,138,1b1e4344-fde4-5cc2-b82c-4fb458696522,owner,2026-08-22T03:30:00+00:00
218,138,3425797b-5c54-5f3a-9a34-9cedb0dc5b84,member,2026-08-22T07:30:00+00:00
219,138,0da68170-ff38-5dad-9224-770d261f1c8a,member,2026-08-22T11:30:00+00:00
220,138,ae7ac442-d880-5cd8-bc30-8d21c5f7dc54,mentor,2026-08-22T15:30:00+00:00
221,138,d16e3cdc-2868-563d-867d-62fa9b8b24ea,member,2026-08-22T19:30:00+00:00
222,138,61347d09-09eb-5f04-a4ec-fe830319799f,member,2026-08-22T23:30:00+00:00
223,139,2e2e8079-6c9e-51c9-bc7e-1475045fd514,owner,2026-08-20T14:30:00+00:00
224,139,88a268b0-6bca-5583-b041-ffdbc51be7e6,member,2026-08-20T18:30:00+00:00
225,139,54561bf4-fe37-5b37-934d-9c7f81542f8b,member,2026-08-20T22:30:00+00:00
226,139,96ccee9a-30f2-56cd-b597-a927c84e0f75,member,2026-08-21T02:30:00+00:00
227,140,bdc5faf6-386d-5338-99a0-32d156bcbd68,owner,2026-08-11T04:30:00+00:00
228,140,77c684c4-9514-5edc-85ff-1052c8544c14,member,2026-08-11T08:30:00+00:00
229,141,45abfe15-6e8d-57cf-bda3-b7ae2b5c0bc7,owner,2026-08-23T05:30:00+00:00
230,141,58074159-53d7-5a52-8436-d84a05af35a9,member,2026-08-23T09:30:00+00:00
231,141,a53c485b-a35c-51fb-84a5-364207ce0adb,member,2026-08-23T13:30:00+00:00
232,142,693ebb02-ab3f-5d60-b798-d4d4df4900d2,owner,2026-07-26T16:30:00+00:00
233,142,f4793612-bd5c-52c4-b29e-226fe28a77ca,member,2026-07-26T20:30:00+00:00
234,142,d9fbcbde-376a-5f82-9fb5-268a24b02d57,member,2026-07-27T00:30:00+00:00
235,143,88820056-e901-59a1-b2ca-c4e813b34f7b,owner,2026-07-17T17:30:00+00:00
236,143,eb3717c1-cd92-5eeb-af40-9df7f3132426,member,2026-07-17T21:30:00+00:00
237,143,d9fbcbde-376a-5f82-9fb5-268a24b02d57,member,2026-07-18T01:30:00+00:00
238,143,fd96bbd1-5601-5c99-a1e2-04b09168b35e,member,2026-07-18T05:30:00+00:00
239,144,878bb7d9-5569-5efb-bbd1-5e39d62d594d,owner,2026-07-27T16:30:00+00:00
240,144,eeeb9e89-042f-5fdc-8fcf-2c3ad56f9bf1,member,2026-07-27T20:30:00+00:00
241,144,b39a9d3d-f3eb-5d31-9cc7-15e278969b70,member,2026-07-28T00:30:00+00:00
242,145,6ac5a7a4-ae0d-5e31-8a7c-d85b63a96c46,owner,2026-07-06T18:30:00+00:00
243,145,a0a53b38-722a-56e6-a52c-fe0e06169a59,member,2026-07-06T22:30:00+00:00
244,145,0bd9c807-50b6-567b-befe-96c80ed2fc9d,member,2026-07-07T02:30:00+00:00
245,145,bb4b0d34-59a4-5948-a9be-a1aa6caece55,member,2026-07-07T06:30:00+00:00
246,146,4ec67eb8-4fda-5cbc-bbd1-a6afc7ce8130,owner,2026-08-25T19:30:00+00:00
247,146,88a268b0-6bca-5583-b041-ffdbc51be7e6,member,2026-08-25T23:30:00+00:00
248,146,37b7aed3-d207-54f7-b4ec-0e05c50eaeb2,member,2026-08-26T03:30:00+00:00
249,146,fd96bbd1-5601-5c99-a1e2-04b09168b35e,member,2026-08-26T07:30:00+00:00
250,146,77c684c4-9514-5edc-85ff-1052c8544c14,member,2026-08-26T11:30:00+00:00
251,146,b7180518-4b5b-54ef-9060-958212d05ab7,member,2026-08-26T15:30:00+00:00
252,147,4ec67eb8-4fda-5cbc-bbd1-a6afc7ce8130,owner,2026-06-28T02:30:00+00:00
253,147,dfe9e449-d177-56af-a679-d3e1c78c5c02,member,2026-06-28T06:30:00+00:00
254,147,eb3717c1-cd92-5eeb-af40-9df7f3132426,member,2026-06-28T10:30:00+00:00
255,147,eeeb9e89-042f-5fdc-8fcf-2c3ad56f9bf1,member,2026-06-28T14:30:00+00:00
256,147,88a268b0-6bca-5583-b041-ffdbc51be7e6,member,2026-06-28T18:30:00+00:00
257,147,77c684c4-9514-5edc-85ff-1052c8544c14,member,2026-06-28T22:30:00+00:00
258,148,373cd20e-25d5-5a46-a0ae-18157cf68a55,owner,2026-07-25T04:30:00+00:00
259,148,b7f1d97d-9f3c-5885-b9ef-48d67a16a686,member,2026-07-25T08:30:00+00:00
260,148,f985b68e-39ae-5c83-8468-2b126802c414,member,2026-07-25T12:30:00+00:00
261,148,4966bb54-4d4f-5992-8586-1bd44991d17f,member,2026-07-25T16:30:00+00:00
262,149,f4793612-bd5c-52c4-b29e-226fe28a77ca,owner,2026-08-06T15:30:00+00:00
263,149,88a268b0-6bca-5583-b041-ffdbc51be7e6,member,2026-08-06T19:30:00+00:00
264,150,1873645b-b54c-51dc-a41a-7131e831a64f,owner,2026-08-16T23:30:00+00:00
265,150,63fdd1e3-9db3-5b05-9799-510eea6abab7,member,2026-08-17T03:30:00+00:00
266,150,001e944b-e64e-5742-afb7-5e04327e41ee,mentor,2026-08-17T07:30:00+00:00
267,150,eb3717c1-cd92-5eeb-af40-9df7f3132426,member,2026-08-17T11:30:00+00:00
268,150,ae7ac442-d880-5cd8-bc30-8d21c5f7dc54,mentor,2026-08-17T15:30:00+00:00
269,150,b7f1d97d-9f3c-5885-b9ef-48d67a16a686,member,2026-08-17T19:30:00+00:00
270,151,9edec740-5de6-5c27-8233-5cf72946b182,owner,2026-07-28T00:30:00+00:00
271,151,67357d35-e727-50a5-9114-d5f2da172374,member,2026-07-28T04:30:00+00:00
272,151,ef763ec1-f93c-5744-9640-4ca59adf9347,member,2026-07-28T08:30:00+00:00
273,151,8fa5b823-1a70-59f7-9bb2-b3d5f36dc82b,member,2026-07-28T12:30:00+00:00
274,151,20b63262-d3e6-555a-95b2-84fc87694a19,member,2026-07-28T16:30:00+00:00
275,152,7298015b-9105-595a-b879-3013c08053f7,owner,2026-08-14T20:30:00+00:00
276,152,cb162f3d-006f-544e-bfa6-f9abb8a52026,member,2026-08-15T00:30:00+00:00
277,152,b39a9d3d-f3eb-5d31-9cc7-15e278969b70,member,2026-08-15T04:30:00+00:00
278,152,fb400c3e-ecd0-522e-8b8e-1323946be71a,member,2026-08-15T08:30:00+00:00
279,152,f22a7317-9c2b-5d13-99b9-1a1622094bb3,member,2026-08-15T12:30:00+00:00
280,152,8fa5b823-1a70-59f7-9bb2-b3d5f36dc82b,member,2026-08-15T16:30:00+00:00
281,153,06657aeb-b604-5b0d-9281-d2e5afb78a9d,owner,2026-08-25T22:30:00+00:00
282,153,001e944b-e64e-5742-afb7-5e04327e41ee,mentor,2026-08-26T02:30:00+00:00
283,153,53f78f7e-e2df-586b-b483-5748c92d0f9f,member,2026-08-26T06:30:00+00:00
284,153,fb400c3e-ecd0-522e-8b8e-1323946be71a,member,2026-08-26T10:30:00+00:00
285,153,90cced0e-f2c7-528c-bd28-38c44ead6c98,mentor,2026-08-26T14:30:00+00:00
286,153,8819cb55-67e6-5a55-98c8-d80446975a9e,member,2026-08-26T18:30:00+00:00
287,154,082b47e7-5a06-5a34-bd49-595c82b2b196,owner,2026-08-17T01:30:00+00:00
288,154,f22a7317-9c2b-5d13-99b9-1a1622094bb3,member,2026-08-17T05:30:00+00:00
289,154,508d03e7-de84-523a-8242-f48abc9451d7,mentor,2026-08-17T09:30:00+00:00
290,155,783491ec-2857-52e8-a102-766d7abba6d2,owner,2026-07-29T06:30:00+00:00
291,155,0e992dba-f631-52d1-b7e3-76faec77c33f,member,2026-07-29T10:30:00+00:00
292,156,3d016498-e16a-5ad9-95c7-b633dfc6a142,owner,2026-07-19T07:30:00+00:00
293,156,cb162f3d-006f-544e-bfa6-f9abb8a52026,member,2026-07-19T11:30:00+00:00
294,157,f22a7317-9c2b-5d13-99b9-1a1622094bb3,owner,2026-07-04T14:30:00+00:00
295,157,cd8c4c60-ab9b-5cf3-996e-d4fbb990f4c6,member,2026-07-04T18:30:00+00:00
296,158,4cf03b5a-e2ca-57f2-95b8-16a3b92247e6,owner,2026-08-11T18:30:00+00:00
297,158,1bc15434-bc22-56cc-a890-336efd2a11e5,member,2026-08-11T22:30:00+00:00
298,158,f3744506-cae3-5f81-8a4f-506a60395be8,member,2026-08-12T02:30:00+00:00
299,158,4845dc43-0c9d-5f09-aa4a-62e68abb5d12,mentor,2026-08-12T06:30:00+00:00
300,159,1767869f-381f-59b9-acac-01da2d539e40,owner,2026-07-02T19:30:00+00:00
301,159,88820056-e901-59a1-b2ca-c4e813b34f7b,member,2026-07-02T23:30:00+00:00
302,159,b7f1d97d-9f3c-5885-b9ef-48d67a16a686,member,2026-07-03T03:30:00+00:00
303,159,61347d09-09eb-5f04-a4ec-fe830319799f,member,2026-07-03T07:30:00+00:00
304,159,4ec67eb8-4fda-5cbc-bbd1-a6afc7ce8130,member,2026-07-03T11:30:00+00:00
305,160,eb397f92-99ac-5f0f-8f81-3540865f0477,owner,2026-08-24T05:30:00+00:00
306,160,6e82bb3e-ede8-5803-ba1a-cc3aa8766199,member,2026-08-24T09:30:00+00:00
307,160,0947c4b9-50d6-50e2-9043-84a15b80e8c7,member,2026-08-24T13:30:00+00:00
308,160,40120057-c43a-5745-9d3a-d9b0c6b1e84e,member,2026-08-24T17:30:00+00:00
309,161,25797954-b022-582e-8349-e1e2c141368c,owner,2026-08-21T03:30:00+00:00
310,162,1bc15434-bc22-56cc-a890-336efd2a11e5,owner,2026-06-28T03:30:00+00:00
311,162,96ccee9a-30f2-56cd-b597-a927c84e0f75,member,2026-06-28T07:30:00+00:00
312,162,f4793612-bd5c-52c4-b29e-226fe28a77ca,member,2026-06-28T11:30:00+00:00
313,162,d48cab4b-e48b-59ae-88d6-41d5d463569d,member,2026-06-28T15:30:00+00:00
314,163,6ab0c42d-0ad5-5b3d-9c6c-4ab9eaa47586,owner,2026-07-20T20:30:00+00:00
315,163,8819cb55-67e6-5a55-98c8-d80446975a9e,member,2026-07-21T00:30:00+00:00
316,163,3425797b-5c54-5f3a-9a34-9cedb0dc5b84,member,2026-07-21T04:30:00+00:00
317,163,878bb7d9-5569-5efb-bbd1-5e39d62d594d,member,2026-07-21T08:30:00+00:00
318,164,e0b64119-ecb0-52a5-852d-39c211ce337a,owner,2026-08-13T15:30:00+00:00
319,164,1b1e4344-fde4-5cc2-b82c-4fb458696522,member,2026-08-13T19:30:00+00:00
320,164,693ebb02-ab3f-5d60-b798-d4d4df4900d2,member,2026-08-13T23:30:00+00:00
321,165,302b84f9-9053-5cf7-bed0-305678227875,owner,2026-08-09T19:30:00+00:00
322,165,d767d4bb-a2aa-587a-90f9-23d0689ae52a,member,2026-08-09T23:30:00+00:00
323,165,4845dc43-0c9d-5f09-aa4a-62e68abb5d12,mentor,2026-08-10T03:30:00+00:00
324,165,f985b68e-39ae-5c83-8468-2b126802c414,member,2026-08-10T07:30:00+00:00
325,165,4966bb54-4d4f-5992-8586-1bd44991d17f,member,2026-08-10T11:30:00+00:00
326,165,1767869f-381f-59b9-acac-01da2d539e40,member,2026-08-10T15:30:00+00:00
327,166,a2cc3818-be31-5aeb-828c-e23f579431aa,owner,2026-07-01T17:30:00+00:00
328,166,6ab0c42d-0ad5-5b3d-9c6c-4ab9eaa47586,member,2026-07-01T21:30:00+00:00
329,166,eb397f92-99ac-5f0f-8f81-3540865f0477,member,2026-07-02T01:30:00+00:00
330,166,facb4557-eabe-5f8b-89cc-f223b91c89b7,member,2026-07-02T05:30:00+00:00
331,166,88a268b0-6bca-5583-b041-ffdbc51be7e6,member,2026-07-02T09:30:00+00:00
332,167,20b63262-d3e6-555a-95b2-84fc87694a19,owner,2026-08-18T20:30:00+00:00
333,167,b39a9d3d-f3eb-5d31-9cc7-15e278969b70,member,2026-08-19T00:30:00+00:00
334,167,88a268b0-6bca-5583-b041-ffdbc51be7e6,member,2026-08-19T04:30:00+00:00
335,168,ae96d203-7a11-52ed-9e02-cd93c3dda603,owner,2026-07-10T17:30:00+00:00
336,168,a53c485b-a35c-51fb-84a5-364207ce0adb,member,2026-07-10T21:30:00+00:00
337,169,8819cb55-67e6-5a55-98c8-d80446975a9e,owner,2026-08-24T18:30:00+00:00
338,169,a070c6d0-c23b-5036-b352-f16db0d6ec8e,member,2026-08-24T22:30:00+00:00
339,169,61347d09-09eb-5f04-a4ec-fe830319799f,member,2026-08-25T02:30:00+00:00
340,169,96ccee9a-30f2-56cd-b597-a927c84e0f75,member,2026-08-25T06:30:00+00:00
341,169,37b7aed3-d207-54f7-b4ec-0e05c50eaeb2,member,2026-08-25T10:30:00+00:00
342,170,d0c58825-6ead-50f6-9a07-f2f95dbb51ea,owner,2026-07-25T03:30:00+00:00
343,170,0b532307-3033-5baf-b61c-915d1213c01f,member,2026-07-25T07:30:00+00:00
344,170,4307ee18-2e16-50be-abbc-db160bb8e8fd,member,2026-07-25T11:30:00+00:00
345,170,1bc15434-bc22-56cc-a890-336efd2a11e5,member,2026-07-25T15:30:00+00:00
346,170,8819cb55-67e6-5a55-98c8-d80446975a9e,member,2026-07-25T19:30:00+00:00
347,171,95927b04-f214-5c26-878d-fb55176e41bc,owner,2026-08-16T04:30:00+00:00
348,171,693ebb02-ab3f-5d60-b798-d4d4df4900d2,member,2026-08-16T08:30:00+00:00
349,172,43a3bb15-e7a6-5c42-a198-3e0d7f080ba1,owner,2026-07-02T05:30:00+00:00
350,172,90cced0e-f2c7-528c-bd28-38c44ead6c98,mentor,2026-07-02T09:30:00+00:00
351,172,fb400c3e-ecd0-522e-8b8e-1323946be71a,member,2026-07-02T13:30:00+00:00
352,173,a60d0128-bffa-5d2d-9915-36693e6bc3ba,owner,2026-07-09T19:30:00+00:00
353,173,605985c4-d18d-54b0-829f-2a199ea5c81d,member,2026-07-09T23:30:00+00:00
354,173,85df6dcd-e42a-581f-802b-eb93568b74eb,member,2026-07-10T03:30:00+00:00
355,173,1767869f-381f-59b9-acac-01da2d539e40,member,2026-07-10T07:30:00+00:00
356,173,e7dd6cb0-626e-510a-9e98-0498c534b04d,member,2026-07-10T11:30:00+00:00
357,173,8819cb55-67e6-5a55-98c8-d80446975a9e,member,2026-07-10T15:30:00+00:00
358,174,7bdf8ad6-1318-5f74-9112-e2b655e215a2,owner,2026-07-10T00:30:00+00:00
359,174,6988340a-a3c1-5fda-a996-711f1723c649,member,2026-07-10T04:30:00+00:00
360,174,6ab0c42d-0ad5-5b3d-9c6c-4ab9eaa47586,member,2026-07-10T08:30:00+00:00
361,174,20b63262-d3e6-555a-95b2-84fc87694a19,member,2026-07-10T12:30:00+00:00
362,175,7624f38b-fbca-546f-af04-c9dda9318f82,owner,2026-07-31T22:30:00+00:00
363,175,508d03e7-de84-523a-8242-f48abc9451d7,mentor,2026-08-01T02:30:00+00:00
364,176,d2a70bca-a25c-522f-9b7e-c967b69503cc,owner,2026-08-15T18:30:00+00:00
365,176,f4793612-bd5c-52c4-b29e-226fe28a77ca,member,2026-08-15T22:30:00+00:00
366,176,508d03e7-de84-523a-8242-f48abc9451d7,mentor,2026-08-16T02:30:00+00:00
367,176,88a268b0-6bca-5583-b041-ffdbc51be7e6,member,2026-08-16T06:30:00+00:00
368,176,f8f213c7-3d61-567e-9735-5e3e9498b892,member,2026-08-16T10:30:00+00:00
369,177,e747fee0-a84b-5f51-98a3-7481903c9023,owner,2026-08-26T02:30:00+00:00
370,177,eb3717c1-cd92-5eeb-af40-9df7f3132426,member,2026-08-26T06:30:00+00:00
371,177,bf54d417-d834-5d3e-a7f9-106377fe05a5,member,2026-08-26T10:30:00+00:00
372,177,ae7ac442-d880-5cd8-bc30-8d21c5f7dc54,mentor,2026-08-26T14:30:00+00:00
373,178,5421f79d-ed60-5eed-852b-01b379adab9e,owner,2026-08-04T19:30:00+00:00
374,178,4307ee18-2e16-50be-abbc-db160bb8e8fd,member,2026-08-04T23:30:00+00:00
375,179,610e9654-06d6-5e55-959b-377b8749b8f9,owner,2026-08-20T23:30:00+00:00
376,179,a60d0128-bffa-5d2d-9915-36693e6bc3ba,member,2026-08-21T03:30:00+00:00
377,179,cd8c4c60-ab9b-5cf3-996e-d4fbb990f4c6,member,2026-08-21T07:30:00+00:00
378,180,54561bf4-fe37-5b37-934d-9c7f81542f8b,owner,2026-07-08T09:30:00+00:00
379,180,f22a7317-9c2b-5d13-99b9-1a1622094bb3,member,2026-07-08T13:30:00+00:00
380,180,6e82bb3e-ede8-5803-ba1a-cc3aa8766199,member,2026-07-08T17:30:00+00:00
381,181,ef763ec1-f93c-5744-9640-4ca59adf9347,owner,2026-08-19T17:30:00+00:00
382,181,4c2177ab-592a-5e4a-b25b-8bb3f8090555,member,2026-08-19T21:30:00+00:00
383,182,3bc3e38a-5ff7-5330-ab2d-8add18e85d57,owner,2026-08-18T15:30:00+00:00
384,182,96ccee9a-30f2-56cd-b597-a927c84e0f75,member,2026-08-18T19:30:00+00:00
385,182,f3744506-cae3-5f81-8a4f-506a60395be8,member,2026-08-18T23:30:00+00:00
386,183,da462241-608b-5422-bdbd-0d98184a433d,owner,2026-08-20T20:30:00+00:00
387,183,484e243b-afd7-5767-bb0f-4262c0334aea,member,2026-08-21T00:30:00+00:00
388,183,0947c4b9-50d6-50e2-9043-84a15b80e8c7,member,2026-08-21T04:30:00+00:00
389,183,693ebb02-ab3f-5d60-b798-d4d4df4900d2,member,2026-08-21T08:30:00+00:00
390,183,a36cd93c-2f0c-5956-9a51-8094e39a7bed,member,2026-08-21T12:30:00+00:00
391,184,2e2e8079-6c9e-51c9-bc7e-1475045fd514,owner,2026-06-30T04:30:00+00:00
392,184,5ccdaadc-80b2-50e1-a0c1-bad0246a7cf2,member,2026-06-30T08:30:00+00:00
393,184,001e944b-e64e-5742-afb7-5e04327e41ee,mentor,2026-06-30T12:30:00+00:00
394,184,96ccee9a-30f2-56cd-b597-a927c84e0f75,member,2026-06-30T16:30:00+00:00
395,184,35e87bcc-650c-5e3f-9741-3f0c54905b6f,member,2026-06-30T20:30:00+00:00
396,185,d5dc7189-89df-5fd7-983f-1124b6de3d68,owner,2026-08-08T23:30:00+00:00
397,185,eb3717c1-cd92-5eeb-af40-9df7f3132426,member,2026-08-09T03:30:00+00:00
398,186,40120057-c43a-5745-9d3a-d9b0c6b1e84e,owner,2026-07-19T22:30:00+00:00
399,186,1bc15434-bc22-56cc-a890-336efd2a11e5,member,2026-07-20T02:30:00+00:00
400,186,fb400c3e-ecd0-522e-8b8e-1323946be71a,member,2026-07-20T06:30:00+00:00
401,186,eeeb9e89-042f-5fdc-8fcf-2c3ad56f9bf1,member,2026-07-20T10:30:00+00:00
402,187,cd8c4c60-ab9b-5cf3-996e-d4fbb990f4c6,owner,2026-07-13T08:30:00+00:00
403,187,6e82bb3e-ede8-5803-ba1a-cc3aa8766199,member,2026-07-13T12:30:00+00:00
404,187,d5dc7189-89df-5fd7-983f-1124b6de3d68,member,2026-07-13T16:30:00+00:00
405,188,3d5b480d-3962-5c76-96ca-5459d65372aa,owner,2026-08-12T02:30:00+00:00
406,188,06657aeb-b604-5b0d-9281-d2e5afb78a9d,member,2026-08-12T06:30:00+00:00
407,188,51420309-4688-52d6-84b9-51c0dc3a900e,member,2026-08-12T10:30:00+00:00
408,188,a60d0128-bffa-5d2d-9915-36693e6bc3ba,member,2026-08-12T14:30:00+00:00
409,188,da462241-608b-5422-bdbd-0d98184a433d,member,2026-08-12T18:30:00+00:00
410,189,4ec67eb8-4fda-5cbc-bbd1-a6afc7ce8130,owner,2026-06-30T09:30:00+00:00
411,189,b39a9d3d-f3eb-5d31-9cc7-15e278969b70,member,2026-06-30T13:30:00+00:00
412,189,88a268b0-6bca-5583-b041-ffdbc51be7e6,member,2026-06-30T17:30:00+00:00
413,189,35e87bcc-650c-5e3f-9741-3f0c54905b6f,member,2026-06-30T21:30:00+00:00
414,189,b7180518-4b5b-54ef-9060-958212d05ab7,member,2026-07-01T01:30:00+00:00
415,189,6988340a-a3c1-5fda-a996-711f1723c649,member,2026-07-01T05:30:00+00:00
416,190,facb4557-eabe-5f8b-89cc-f223b91c89b7,owner,2026-08-24T23:30:00+00:00
417,190,cb162f3d-006f-544e-bfa6-f9abb8a52026,member,2026-08-25T03:30:00+00:00
418,190,693ebb02-ab3f-5d60-b798-d4d4df4900d2,member,2026-08-25T07:30:00+00:00
419,190,a36cd93c-2f0c-5956-9a51-8094e39a7bed,member,2026-08-25T11:30:00+00:00
420,191,001e944b-e64e-5742-afb7-5e04327e41ee,owner,2026-07-14T14:30:00+00:00
421,191,90cced0e-f2c7-528c-bd28-38c44ead6c98,mentor,2026-07-14T18:30:00+00:00
422,191,3425797b-5c54-5f3a-9a34-9cedb0dc5b84,member,2026-07-14T22:30:00+00:00
423,191,f3744506-cae3-5f81-8a4f-506a60395be8,member,2026-07-15T02:30:00+00:00
424,191,3b932376-f549-5a1c-a24b-664b4bc338e3,member,2026-07-15T06:30:00+00:00
