id,user_id,book_id,chapter_id,progress_percent,completed,completed_chapters,book_completion_awarded,last_read_at,created_at,updated_at
142,4c2177ab-592a-5e4a-b25b-8bb3f8090555,9,17,100,true,"{13,14,15,16,17}",true,2026-09-19T02:17:00+00:00,2026-09-19T01:29:00+00:00,2026-09-19T02:17:00+00:00
143,8ae0340a-8eaf-5e9d-9db0-ac449334023d,15,47,100,true,"{43,44,45,46,47}",true,2026-09-19T02:16:00+00:00,2026-09-19T01:28:00+00:00,2026-09-19T02:16:00+00:00
144,8ae0340a-8eaf-5e9d-9db0-ac449334023d,10,21,60,false,"{18,19,20}",false,2026-09-19T03:52:00+00:00,2026-09-19T03:28:00+00:00,2026-09-19T03:52:00+00:00
145,3d016498-e16a-5ad9-95c7-b633dfc6a142,7,7,80,false,"{3,4,5,6}",false,2026-09-19T02:03:00+00:00,2026-09-19T01:27:00+00:00,2026-09-19T02:03:00+00:00
146,1767869f-381f-59b9-acac-01da2d539e40,13,36,60,false,"{33,34,35}",false,2026-09-19T01:49:00+00:00,2026-09-19T01:25:00+00:00,2026-09-19T01:49:00+00:00
147,50d6350f-ffd4-59ad-a1ff-65a49a77a913,13,35,40,false,"{33,34}",false,2026-09-19T01:36:00+00:00,2026-09-19T01:24:00+00:00,2026-09-19T01:36:00+00:00
148,50d6350f-ffd4-59ad-a1ff-65a49a77a913,10,22,100,true,"{18,19,20,21,22}",true,2026-09-19T04:12:00+00:00,2026-09-19T03:24:00+00:00,2026-09-19T04:12:00+00:00
149,1bc15434-bc22-56cc-a890-336efd2a11e5,7,5,40,false,"{3,4}",false,2026-09-19T01:35:00+00:00,2026-09-19T01:23:00+00:00,2026-09-19T01:35:00+00:00
150,1bc15434-bc22-56cc-a890-336efd2a11e5,13,36,60,false,"{33,34,35}",false,2026-09-19T03:47:00+00:00,2026-09-19T03:23:00+00:00,2026-09-19T03:47:00+00:00
151,b55b4f74-ded6-5cf1-aae0-9ad89c03c10c,7,3,0,false,{},false,2026-09-19T01:21:00+00:00,2026-09-19T01:21:00+00:00,2026-09-19T01:21:00+00:00
152,b55b4f74-ded6-5cf1-aae0-9ad89c03c10c,12,30,40,false,"{28,29}",false,2026-09-19T03:33:00+00:00,2026-09-19T03:21:00+00:00,2026-09-19T03:33:00+00:00
153,b0ebc690-efe0-594f-bd55-e4d7ec3454bc,7,7,100,true,"{3,4,5,6,7}",true,2026-09-19T02:08:00+00:00,2026-09-19T01:20:00+00:00,2026-09-19T02:08:00+00:00
154,9c9c228f-3bd5-5da4-b666-fbfab93b4b7e,15,44,20,false,{43},false,2026-09-19T01:19:00+00:00,2026-09-19T01:19:00+00:00,2026-09-19T01:19:00+00:00
155,3a376c3a-3e46-5c8c-815c-232b66ca9bc8,7,7,80,false,"{3,4,5,6}",false,2026-09-19T01:53:00+00:00,2026-09-19T01:17:00+00:00,2026-09-19T01:53:00+00:00
156,88a268b0-6bca-5583-b041-ffdbc51be7e6,10,22,80,false,"{18,19,20,21}",false,2026-09-19T01:52:00+00:00,2026-09-19T01:16:00+00:00,2026-09-19T01:52:00+00:00
157,88a268b0-6bca-5583-b041-ffdbc51be7e6,16,52,80,false,"{48,49,50,51}",false,2026-09-19T03:52:00+00:00,2026-09-19T03:16:00+00:00,2026-09-19T03:52:00+00:00
158,a992f17b-79b6-5dcf-aed4-2aebaa5775c7,12,31,60,false,"{28,29,30}",false,2026-09-19T01:39:00+00:00,2026-09-19T01:15:00+00:00,2026-09-19T01:39:00+00:00
159,e502b694-466f-5e1f-9293-146b264ae20c,13,34,20,false,{33},false,2026-09-19T01:13:00+00:00,2026-09-19T01:13:00+00:00,2026-09-19T01:13:00+00:00
160,e502b694-466f-5e1f-9293-146b264ae20c,9,14,20,false,{13},false,2026-09-19T03:13:00+00:00,2026-09-19T03:13:00+00:00,2026-09-19T03:13:00+00:00
161,84da666c-c47c-572e-b2c9-3b6f35881596,11,24,20,false,{23},false,2026-09-19T01:12:00+00:00,2026-09-19T01:12:00+00:00,2026-09-19T01:12:00+00:00
162,0e49007f-82be-5238-a956-37d8f7b40d4c,10,22,80,false,"{18,19,20,21}",false,2026-09-19T01:47:00+00:00,2026-09-19T01:11:00+00:00,2026-09-19T01:47:00+00:00
163,082b47e7-5a06-5a34-bd49-595c82b2b196,11,24,20,false,{23},false,2026-09-19T01:09:00+00:00,2026-09-19T01:09:00+00:00,2026-09-19T01:09:00+00:00
164,ee289908-380a-5bb3-8fdc-0990b203929b,10,19,20,false,{18},false,2026-09-19T01:08:00+00:00,2026-09-19T01:08:00+00:00,2026-09-19T01:08:00+00:00
165,84047d01-74e6-5a08-a20e-b5c25e3eff3e,15,47,100,true,"{43,44,45,46,47}",true,2026-09-19T01:55:00+00:00,2026-09-19T01:07:00+00:00,2026-09-19T01:55:00+00:00
166,5d857806-7d61-533b-bc12-af2d7b775d29,7,7,80,false,"{3,4,5,6}",false,2026-09-19T01:41:00+00:00,2026-09-19T01:05:00+00:00,2026-09-19T01:41:00+00:00
167,554a90ae-c448-548d-a552-cd8f1c340cbd,10,20,40,false,"{18,19}",false,2026-09-19T01:16:00+00:00,2026-09-19T01:04:00+00:00,2026-09-19T01:16:00+00:00
168,4cf03b5a-e2ca-57f2-95b8-16a3b92247e6,16,48,0,false,{},false,2026-09-19T01:03:00+00:00,2026-09-19T01:03:00+00:00,2026-09-19T01:03:00+00:00
169,4cf03b5a-e2ca-57f2-95b8-16a3b92247e6,10,19,20,false,{18},false,2026-09-19T03:03:00+00:00,2026-09-19T03:03:00+00:00,2026-09-19T03:03:00+00:00
170,302b84f9-9053-5cf7-bed0-305678227875,7,6,60,false,"{3,4,5}",false,2026-09-19T01:25:00+00:00,2026-09-19T01:01:00+00:00,2026-09-19T01:25:00+00:00
171,7b48b183-5d87-500f-9cec-2e003c19efac,12,31,60,false,"{28,29,30}",false,2026-09-19T01:24:00+00:00,2026-09-19T01:00:00+00:00,2026-09-19T01:24:00+00:00
172,96ccee9a-30f2-56cd-b597-a927c84e0f75,10,19,20,false,{18},false,2026-09-19T00:59:00+00:00,2026-09-19T00:59:00+00:00,2026-09-19T00:59:00+00:00
173,daa36188-60fd-56a2-938b-70b1b51084b0,14,40,40,false,"{38,39}",false,2026-09-19T01:09:00+00:00,2026-09-19T00:57:00+00:00,2026-09-19T01:09:00+00:00
174,36016ab9-3cc9-5f6a-8bc7-1d138ad9cb43,14,40,40,false,"{38,39}",false,2026-09-19T01:08:00+00:00,2026-09-19T00:56:00+00:00,2026-09-19T01:08:00+00:00
175,6ab0c42d-0ad5-5b3d-9c6c-4ab9eaa47586,15,44,20,false,{43},false,2026-09-19T00:55:00+00:00,2026-09-19T00:55:00+00:00,2026-09-19T00:55:00+00:00
176,6ab0c42d-0ad5-5b3d-9c6c-4ab9eaa47586,11,24,20,false,{23},false,2026-09-19T02:55:00+00:00,2026-09-19T02:55:00+00:00,2026-09-19T02:55:00+00:00
177,95ff45a0-9b28-55cb-bba6-22a608a4e30d,11,25,40,false,"{23,24}",false,2026-09-19T01:05:00+00:00,2026-09-19T00:53:00+00:00,2026-09-19T01:05:00+00:00
178,f0f4eb8c-a1ed-50a1-bc7d-2863700a31a5,8,11,60,false,"{8,9,10}",false,2026-09-19T01:16:00+00:00,2026-09-19T00:52:00+00:00,2026-09-19T01:16:00+00:00
179,f0f4eb8c-a1ed-50a1-bc7d-2863700a31a5,16,50,40,false,"{48,49}",false,2026-09-19T03:04:00+00:00,2026-09-19T02:52:00+00:00,2026-09-19T03:04:00+00:00
180,50de23a6-cd45-55ac-adb0-06d14b4ed8ce,11,26,60,false,"{23,24,25}",false,2026-09-19T01:15:00+00:00,2026-09-19T00:51:00+00:00,2026-09-19T01:15:00+00:00
181,a36cd93c-2f0c-5956-9a51-8094e39a7bed,7,6,60,false,"{3,4,5}",false,2026-09-19T01:13:00+00:00,2026-09-19T00:49:00+00:00,2026-09-19T01:13:00+00:00
182,6e82bb3e-ede8-5803-ba1a-cc3aa8766199,13,36,60,false,"{33,34,35}",false,2026-09-19T01:12:00+00:00,2026-09-19T00:48:00+00:00,2026-09-19T01:12:00+00:00
183,64b591cd-4cbe-577a-aba9-ee6912328a58,10,19,20,false,{18},false,2026-09-19T00:47:00+00:00,2026-09-19T00:47:00+00:00,2026-09-19T00:47:00+00:00
184,64b591cd-4cbe-577a-aba9-ee6912328a58,12,30,40,false,"{28,29}",false,2026-09-19T02:59:00+00:00,2026-09-19T02:47:00+00:00,2026-09-19T02:59:00+00:00
185,52ab3a8f-ec5c-5e66-bcd5-efc304512118,14,40,40,false,"{38,39}",false,2026-09-19T00:57:00+00:00,2026-09-19T00:45:00+00:00,2026-09-19T00:57:00+00:00
186,52ab3a8f-ec5c-5e66-bcd5-efc304512118,11,27,80,false,"{23,24,25,26}",false,2026-09-19T03:21:00+00:00,2026-09-19T02:45:00+00:00,2026-09-19T03:21:00+00:00
187,52ab3a8f-ec5c-5e66-bcd5-efc304512118,16,50,40,false,"{48,49}",false,2026-09-19T04:57:00+00:00,2026-09-19T04:45:00+00:00,2026-09-19T04:57:00+00:00
188,5a4b137d-2ebb-5c75-8cdd-bf77406b4b9f,7,3,0,false,{},false,2026-09-19T00:44:00+00:00,2026-09-19T00:44:00+00:00,2026-09-19T00:44:00+00:00
189,f4b545d6-b6c0-54b8-847e-101d68428b48,10,20,40,false,"{18,19}",false,2026-09-19T00:55:00+00:00,2026-09-19T00:43:00+00:00,2026-09-19T00:55:00+00:00
190,f4b545d6-b6c0-54b8-847e-101d68428b48,13,35,40,false,"{33,34}",false,2026-09-19T02:55:00+00:00,2026-09-19T02:43:00+00:00,2026-09-19T02:55:00+00:00
191,8819cb55-67e6-5a55-98c8-d80446975a9e,11,27,80,false,"{23,24,25,26}",false,2026-09-19T01:17:00+00:00,2026-09-19T00:41:00+00:00,2026-09-19T01:17:00+00:00
192,e0b64119-ecb0-52a5-852d-39c211ce337a,12,30,40,false,"{28,29}",false,2026-09-19T01:42:00+00:00,2026-09-19T01:30:00+00:00,2026-09-19T01:42:00+00:00
193,e0b64119-ecb0-52a5-852d-39c211ce337a,13,35,40,false,"{33,34}",false,2026-09-19T03:42:00+00:00,2026-09-19T03:30:00+00:00,2026-09-19T03:42:00+00:00
194,ae96d203-7a11-52ed-9e02-cd93c3dda603,16,52,80,false,"{48,49,50,51}",false,2026-09-19T02:05:00+00:00,2026-09-19T01:29:00+00:00,2026-09-19T02:05:00+00:00
195,ae96d203-7a11-52ed-9e02-cd93c3dda603,10,22,100,true,"{18,19,20,21,22}",true,2026-09-19T04:17:00+00:00,2026-09-19T03:29:00+00:00,2026-09-19T04:17:00+00:00
196,ae96d203-7a11-52ed-9e02-cd93c3dda603,12,30,40,false,"{28,29}",false,2026-09-19T05:41:00+00:00,2026-09-19T05:29:00+00:00,2026-09-19T05:41:00+00:00
197,baa8ef70-5b01-5a49-84cb-71c353290705,7,4,20,false,{3},false,2026-09-19T01:27:00+00:00,2026-09-19T01:27:00+00:00,2026-09-19T01:27:00+00:00
198,baa8ef70-5b01-5a49-84cb-71c353290705,8,10,40,false,"{8,9}",false,2026-09-19T03:39:00+00:00,2026-09-19T03:27:00+00:00,2026-09-19T03:39:00+00:00
199,d0c58825-6ead-50f6-9a07-f2f95dbb51ea,16,51,60,false,"{48,49,50}",false,2026-09-19T01:50:00+00:00,2026-09-19T01:26:00+00:00,2026-09-19T01:50:00+00:00
200,d0c58825-6ead-50f6-9a07-f2f95dbb51ea,10,20,40,false,"{18,19}",false,2026-09-19T03:38:00+00:00,2026-09-19T03:26:00+00:00,2026-09-19T03:38:00+00:00
201,f3744506-cae3-5f81-8a4f-506a60395be8,12,31,60,false,"{28,29,30}",false,2026-09-19T01:49:00+00:00,2026-09-19T01:25:00+00:00,2026-09-19T01:49:00+00:00
202,96373821-4bf4-53b8-bd24-bb64bbb3b84e,13,35,40,false,"{33,34}",false,2026-09-19T01:35:00+00:00,2026-09-19T01:23:00+00:00,2026-09-19T01:35:00+00:00
203,96373821-4bf4-53b8-bd24-bb64bbb3b84e,11,26,60,false,"{23,24,25}",false,2026-09-19T03:47:00+00:00,2026-09-19T03:23:00+00:00,2026-09-19T03:47:00+00:00
204,45cee65b-db52-5dff-b09d-0ee1ac2be20f,11,26,60,false,"{23,24,25}",false,2026-09-19T01:46:00+00:00,2026-09-19T01:22:00+00:00,2026-09-19T01:46:00+00:00
205,95927b04-f214-5c26-878d-fb55176e41bc,13,35,40,false,"{33,34}",false,2026-09-19T01:33:00+00:00,2026-09-19T01:21:00+00:00,2026-09-19T01:33:00+00:00
206,19e81afb-74c1-5b4a-9af3-469f3b610235,8,10,40,false,"{8,9}",false,2026-09-19T01:31:00+00:00,2026-09-19T01:19:00+00:00,2026-09-19T01:31:00+00:00
207,19e81afb-74c1-5b4a-9af3-469f3b610235,15,44,20,false,{43},false,2026-09-19T03:19:00+00:00,2026-09-19T03:19:00+00:00,2026-09-19T03:19:00+00:00
208,19e81afb-74c1-5b4a-9af3-469f3b610235,7,5,40,false,"{3,4}",false,2026-09-19T05:31:00+00:00,2026-09-19T05:19:00+00:00,2026-09-19T05:31:00+00:00
209,d48cab4b-e48b-59ae-88d6-41d5d463569d,13,37,100,true,"{33,34,35,36,37}",true,2026-09-19T02:06:00+00:00,2026-09-19T01:18:00+00:00,2026-09-19T02:06:00+00:00
210,d48cab4b-e48b-59ae-88d6-41d5d463569d,10,22,80,false,"{18,19,20,21}",false,2026-09-19T03:54:00+00:00,2026-09-19T03:18:00+00:00,2026-09-19T03:54:00+00:00
211,7e6a1243-34f5-52e6-862f-e5f3b2ebe640,7,3,0,false,{},false,2026-09-19T01:17:00+00:00,2026-09-19T01:17:00+00:00,2026-09-19T01:17:00+00:00
212,7e6a1243-34f5-52e6-862f-e5f3b2ebe640,15,44,20,false,{43},false,2026-09-19T03:17:00+00:00,2026-09-19T03:17:00+00:00,2026-09-19T03:17:00+00:00
213,7e6a1243-34f5-52e6-862f-e5f3b2ebe640,14,39,20,false,{38},false,2026-09-19T05:17:00+00:00,2026-09-19T05:17:00+00:00,2026-09-19T05:17:00+00:00
214,eb397f92-99ac-5f0f-8f81-3540865f0477,11,26,60,false,"{23,24,25}",false,2026-09-19T01:39:00+00:00,2026-09-19T01:15:00+00:00,2026-09-19T01:39:00+00:00
215,eb397f92-99ac-5f0f-8f81-3540865f0477,10,19,20,false,{18},false,2026-09-19T03:15:00+00:00,2026-09-19T03:15:00+00:00,2026-09-19T03:15:00+00:00
216,25797954-b022-582e-8349-e1e2c141368c,14,41,60,false,"{38,39,40}",false,2026-09-19T01:38:00+00:00,2026-09-19T01:14:00+00:00,2026-09-19T01:38:00+00:00
217,bb4b0d34-59a4-5948-a9be-a1aa6caece55,14,41,60,false,"{38,39,40}",false,2026-09-19T01:37:00+00:00,2026-09-19T01:13:00+00:00,2026-09-19T01:37:00+00:00
218,bb4b0d34-59a4-5948-a9be-a1aa6caece55,13,34,20,false,{33},false,2026-09-19T03:13:00+00:00,2026-09-19T03:13:00+00:00,2026-09-19T03:13:00+00:00
219,f223e569-d735-5980-b77b-25d459e64a37,10,21,60,false,"{18,19,20}",false,2026-09-19T01:35:00+00:00,2026-09-19T01:11:00+00:00,2026-09-19T01:35:00+00:00
220,dfe9e449-d177-56af-a679-d3e1c78c5c02,9,17,80,false,"{13,14,15,16}",false,2026-09-19T01:46:00+00:00,2026-09-19T01:10:00+00:00,2026-09-19T01:46:00+00:00
221,dfe9e449-d177-56af-a679-d3e1c78c5c02,16,49,20,false,{48},false,2026-09-19T03:10:00+00:00,2026-09-19T03:10:00+00:00,2026-09-19T03:10:00+00:00
222,a5526e82-ef69-522b-b3ad-df818658bde0,10,22,100,true,"{18,19,20,21,22}",true,2026-09-19T01:57:00+00:00,2026-09-19T01:09:00+00:00,2026-09-19T01:57:00+00:00
223,6690668c-e73d-51ff-9ca4-36bec9b8c175,7,3,0,false,{},false,2026-09-19T01:07:00+00:00,2026-09-19T01:07:00+00:00,2026-09-19T01:07:00+00:00
224,f2561442-8439-5138-9a3b-8bcf96f16609,13,36,60,false,"{33,34,35}",false,2026-09-19T01:30:00+00:00,2026-09-19T01:06:00+00:00,2026-09-19T01:30:00+00:00
225,f2561442-8439-5138-9a3b-8bcf96f16609,9,17,100,true,"{13,14,15,16,17}",true,2026-09-19T03:54:00+00:00,2026-09-19T03:06:00+00:00,2026-09-19T03:54:00+00:00
226,f2561442-8439-5138-9a3b-8bcf96f16609,14,42,100,true,"{38,39,40,41,42}",true,2026-09-19T05:54:00+00:00,2026-09-19T05:06:00+00:00,2026-09-19T05:54:00+00:00
227,37b7aed3-d207-54f7-b4ec-0e05c50eaeb2,13,36,60,false,"{33,34,35}",false,2026-09-19T01:29:00+00:00,2026-09-19T01:05:00+00:00,2026-09-19T01:29:00+00:00
228,f1fb49f6-8f16-5086-a3b3-1c5e169f9ad4,10,19,20,false,{18},false,2026-09-19T01:03:00+00:00,2026-09-19T01:03:00+00:00,2026-09-19T01:03:00+00:00
229,f1fb49f6-8f16-5086-a3b3-1c5e169f9ad4,16,50,40,false,"{48,49}",false,2026-09-19T03:15:00+00:00,2026-09-19T03:03:00+00:00,2026-09-19T03:15:00+00:00
230,adfbbf3c-5175-5e0a-bf98-b8854f2081c2,16,50,40,false,"{48,49}",false,2026-09-19T01:14:00+00:00,2026-09-19T01:02:00+00:00,2026-09-19T01:14:00+00:00
231,20b63262-d3e6-555a-95b2-84fc87694a19,10,21,60,false,"{18,19,20}",false,2026-09-19T01:25:00+00:00,2026-09-19T01:01:00+00:00,2026-09-19T01:25:00+00:00
232,20b63262-d3e6-555a-95b2-84fc87694a19,16,50,40,false,"{48,49}",false,2026-09-19T03:13:00+00:00,2026-09-19T03:01:00+00:00,2026-09-19T03:13:00+00:00
233,9355c2cf-38db-5118-9b77-3d5b5b3870df,8,12,80,false,"{8,9,10,11}",false,2026-09-19T01:35:00+00:00,2026-09-19T00:59:00+00:00,2026-09-19T01:35:00+00:00
234,9355c2cf-38db-5118-9b77-3d5b5b3870df,15,44,20,false,{43},false,2026-09-19T02:59:00+00:00,2026-09-19T02:59:00+00:00,2026-09-19T02:59:00+00:00
235,fd96bbd1-5601-5c99-a1e2-04b09168b35e,12,32,80,false,"{28,29,30,31}",false,2026-09-19T01:34:00+00:00,2026-09-19T00:58:00+00:00,2026-09-19T01:34:00+00:00
236,cb162f3d-006f-544e-bfa6-f9abb8a52026,15,47,100,true,"{43,44,45,46,47}",true,2026-09-19T01:45:00+00:00,2026-09-19T00:57:00+00:00,2026-09-19T01:45:00+00:00
237,7bdf8ad6-1318-5f74-9112-e2b655e215a2,11,25,40,false,"{23,24}",false,2026-09-19T01:07:00+00:00,2026-09-19T00:55:00+00:00,2026-09-19T01:07:00+00:00
238,7bdf8ad6-1318-5f74-9112-e2b655e215a2,14,39,20,false,{38},false,2026-09-19T02:55:00+00:00,2026-09-19T02:55:00+00:00,2026-09-19T02:55:00+00:00
239,7bdf8ad6-1318-5f74-9112-e2b655e215a2,10,21,60,false,"{18,19,20}",false,2026-09-19T05:19:00+00:00,2026-09-19T04:55:00+00:00,2026-09-19T05:19:00+00:00
240,368442e7-2dfe-5df4-9ab7-a468b984050a,8,12,100,true,"{8,9,10,11,12}",true,2026-09-19T01:42:00+00:00,2026-09-19T00:54:00+00:00,2026-09-19T01:42:00+00:00
241,4c310820-12d3-5128-9a45-973db446b59e,7,7,100,true,"{3,4,5,6,7}",true,2026-09-19T01:41:00+00:00,2026-09-19T00:53:00+00:00,2026-09-19T01:41:00+00:00
242,53f78f7e-e2df-586b-b483-5748c92d0f9f,7,4,20,false,{3},false,2026-09-19T00:51:00+00:00,2026-09-19T00:51:00+00:00,2026-09-19T00:51:00+00:00
243,a60d0128-bffa-5d2d-9915-36693e6bc3ba,7,7,80,false,"{3,4,5,6}",false,2026-09-19T01:26:00+00:00,2026-09-19T00:50:00+00:00,2026-09-19T01:26:00+00:00
244,458287c3-1628-5e26-8930-0d88ae11ce1a,9,17,80,false,"{13,14,15,16}",false,2026-09-19T01:25:00+00:00,2026-09-19T00:49:00+00:00,2026-09-19T01:25:00+00:00
245,458287c3-1628-5e26-8930-0d88ae11ce1a,10,18,0,false,{},false,2026-09-19T02:49:00+00:00,2026-09-19T02:49:00+00:00,2026-09-19T02:49:00+00:00
246,f0ca4141-ccff-5472-ba76-f4b194108c7b,8,12,100,true,"{8,9,10,11,12}",true,2026-09-19T01:35:00+00:00,2026-09-19T00:47:00+00:00,2026-09-19T01:35:00+00:00
247,f0ca4141-ccff-5472-ba76-f4b194108c7b,7,5,40,false,"{3,4}",false,2026-09-19T02:59:00+00:00,2026-09-19T02:47:00+00:00,2026-09-19T02:59:00+00:00
248,54561bf4-fe37-5b37-934d-9c7f81542f8b,8,10,40,false,"{8,9}",false,2026-09-19T00:58:00+00:00,2026-09-19T00:46:00+00:00,2026-09-19T00:58:00+00:00
249,f8f213c7-3d61-567e-9735-5e3e9498b892,12,29,20,false,{28},false,2026-09-19T00:45:00+00:00,2026-09-19T00:45:00+00:00,2026-09-19T00:45:00+00:00
250,f8f213c7-3d61-567e-9735-5e3e9498b892,15,44,20,false,{43},false,2026-09-19T02:45:00+00:00,2026-09-19T02:45:00+00:00,2026-09-19T02:45:00+00:00
251,8300625d-d3f5-5264-8503-98a2bfbf60d8,16,49,20,false,{48},false,2026-09-19T00:43:00+00:00,2026-09-19T00:43:00+00:00,2026-09-19T00:43:00+00:00
252,e747fee0-a84b-5f51-98a3-7481903c9023,14,42,80,false,"{38,39,40,41}",false,2026-09-19T01:18:00+00:00,2026-09-19T00:42:00+00:00,2026-09-19T01:18:00+00:00
253,ac9c9500-b7e4-5bbe-8f4e-a40a6201979a,7,4,20,false,{3},false,2026-09-19T00:41:00+00:00,2026-09-19T00:41:00+00:00,2026-09-19T00:41:00+00:00
254,5ce94e6e-a987-5fd1-90b2-94a1174f9376,14,40,40,false,"{38,39}",false,2026-09-19T01:41:00+00:00,2026-09-19T01:29:00+00:00,2026-09-19T01:41:00+00:00
255,ec6d706d-7dba-534b-8700-e6752dbd06e1,15,44,20,false,{43},false,2026-09-19T01:28:00+00:00,2026-09-19T01:28:00+00:00,2026-09-19T01:28:00+00:00
256,ec6d706d-7dba-534b-8700-e6752dbd06e1,16,50,40,false,"{48,49}",false,2026-09-19T03:40:00+00:00,2026-09-19T03:28:00+00:00,2026-09-19T03:40:00+00:00
257,ec6d706d-7dba-534b-8700-e6752dbd06e1,12,29,20,false,{28},false,2026-09-19T05:28:00+00:00,2026-09-19T05:28:00+00:00,2026-09-19T05:28:00+00:00
258,eeeb9e89-042f-5fdc-8fcf-2c3ad56f9bf1,13,34,20,false,{33},false,2026-09-19T01:27:00+00:00,2026-09-19T01:27:00+00:00,2026-09-19T01:27:00+00:00
259,0b532307-3033-5baf-b61c-915d1213c01f,8,12,100,true,"{8,9,10,11,12}",true,2026-09-19T02:13:00+00:00,2026-09-19T01:25:00+00:00,2026-09-19T02:13:00+00:00
260,0b532307-3033-5baf-b61c-915d1213c01f,13,36,60,false,"{33,34,35}",false,2026-09-19T03:49:00+00:00,2026-09-19T03:25:00+00:00,2026-09-19T03:49:00+00:00
261,0b532307-3033-5baf-b61c-915d1213c01f,16,49,20,false,{48},false,2026-09-19T05:25:00+00:00,2026-09-19T05:25:00+00:00,2026-09-19T05:25:00+00:00
262,77c684c4-9514-5edc-85ff-1052c8544c14,11,27,100,true,"{23,24,25,26,27}",true,2026-09-19T02:12:00+00:00,2026-09-19T01:24:00+00:00,2026-09-19T02:12:00+00:00
263,77c684c4-9514-5edc-85ff-1052c8544c14,10,20,40,false,"{18,19}",false,2026-09-19T03:36:00+00:00,2026-09-19T03:24:00+00:00,2026-09-19T03:36:00+00:00
264,a070c6d0-c23b-5036-b352-f16db0d6ec8e,10,20,40,false,"{18,19}",false,2026-09-19T01:35:00+00:00,2026-09-19T01:23:00+00:00,2026-09-19T01:35:00+00:00
265,d2a70bca-a25c-522f-9b7e-c967b69503cc,13,33,0,false,{},false,2026-09-19T01:21:00+00:00,2026-09-19T01:21:00+00:00,2026-09-19T01:21:00+00:00
266,bf54d417-d834-5d3e-a7f9-106377fe05a5,8,8,0,false,{},false,2026-09-19T01:20:00+00:00,2026-09-19T01:20:00+00:00,2026-09-19T01:20:00+00:00
267,bf54d417-d834-5d3e-a7f9-106377fe05a5,12,32,100,true,"{28,29,30,31,32}",true,2026-09-19T04:08:00+00:00,2026-09-19T03:20:00+00:00,2026-09-19T04:08:00+00:00
268,bf54d417-d834-5d3e-a7f9-106377fe05a5,11,27,100,true,"{23,24,25,26,27}",true,2026-09-19T06:08:00+00:00,2026-09-19T05:20:00+00:00,2026-09-19T06:08:00+00:00
269,af808cd8-ab34-515f-a8a0-a1b0719a537b,14,39,20,false,{38},false,2026-09-19T01:19:00+00:00,2026-09-19T01:19:00+00:00,2026-09-19T01:19:00+00:00
270,af808cd8-ab34-515f-a8a0-a1b0719a537b,12,31,60,false,"{28,29,30}",false,2026-09-19T03:43:00+00:00,2026-09-19T03:19:00+00:00,2026-09-19T03:43:00+00:00
271,af808cd8-ab34-515f-a8a0-a1b0719a537b,7,6,60,false,"{3,4,5}",false,2026-09-19T05:43:00+00:00,2026-09-19T05:19:00+00:00,2026-09-19T05:43:00+00:00
272,f985b68e-39ae-5c83-8468-2b126802c414,12,32,80,false,"{28,29,30,31}",false,2026-09-19T01:53:00+00:00,2026-09-19T01:17:00+00:00,2026-09-19T01:53:00+00:00
273,f21481e8-5bf3-5aa6-a7e0-fe6e26920e28,13,37,80,false,"{33,34,35,36}",false,2026-09-19T01:52:00+00:00,2026-09-19T01:16:00+00:00,2026-09-19T01:52:00+00:00
274,34046d1a-c67e-5a81-b9d5-47dd4840c4fe,14,40,40,false,"{38,39}",false,2026-09-19T01:27:00+00:00,2026-09-19T01:15:00+00:00,2026-09-19T01:27:00+00:00
275,34046d1a-c67e-5a81-b9d5-47dd4840c4fe,11,25,40,false,"{23,24}",false,2026-09-19T03:27:00+00:00,2026-09-19T03:15:00+00:00,2026-09-19T03:27:00+00:00
276,eb3717c1-cd92-5eeb-af40-9df7f3132426,15,44,20,false,{43},false,2026-09-19T01:13:00+00:00,2026-09-19T01:13:00+00:00,2026-09-19T01:13:00+00:00
277,9b2e34a9-6722-598e-a857-e346acd294bf,12,29,20,false,{28},false,2026-09-19T01:12:00+00:00,2026-09-19T01:12:00+00:00,2026-09-19T01:12:00+00:00
278,9b2e34a9-6722-598e-a857-e346acd294bf,13,36,60,false,"{33,34,35}",false,2026-09-19T03:36:00+00:00,2026-09-19T03:12:00+00:00,2026-09-19T03:36:00+00:00
279,96dbbdad-601e-5bc2-9d1a-78f9f6349a39,14,41,60,false,"{38,39,40}",false,2026-09-19T01:35:00+00:00,2026-09-19T01:11:00+00:00,2026-09-19T01:35:00+00:00
280,341a0cef-f4a9-53ee-8980-229dc154ff4e,9,14,20,false,{13},false,2026-09-19T01:09:00+00:00,2026-09-19T01:09:00+00:00,2026-09-19T01:09:00+00:00
281,341a0cef-f4a9-53ee-8980-229dc154ff4e,16,49,20,false,{48},false,2026-09-19T03:09:00+00:00,2026-09-19T03:09:00+00:00,2026-09-19T03:09:00+00:00
282,1b1e4344-fde4-5cc2-b82c-4fb458696522,13,36,60,false,"{33,34,35}",false,2026-09-19T01:32:00+00:00,2026-09-19T01:08:00+00:00,2026-09-19T01:32:00+00:00
283,1b1e4344-fde4-5cc2-b82c-4fb458696522,14,42,80,false,"{38,39,40,41}",false,2026-09-19T03:44:00+00:00,2026-09-19T03:08:00+00:00,2026-09-19T03:44:00+00:00
284,484e243b-afd7-5767-bb0f-4262c0334aea,14,39,20,false,{38},false,2026-09-19T01:07:00+00:00,2026-09-19T01:07:00+00:00,2026-09-19T01:07:00+00:00
285,484e243b-afd7-5767-bb0f-4262c0334aea,13,35,40,false,"{33,34}",false,2026-09-19T03:19:00+00:00,2026-09-19T03:07:00+00:00,2026-09-19T03:19:00+00:00
286,ffe47fd1-7989-5728-addd-50b504edd889,11,27,100,true,"{23,24,25,26,27}",true,2026-09-19T01:53:00+00:00,2026-09-19T01:05:00+00:00,2026-09-19T01:53:00+00:00
287,ef763ec1-f93c-5744-9640-4ca59adf9347,16,50,40,false,"{48,49}",false,2026-09-19T01:16:00+00:00,2026-09-19T01:04:00+00:00,2026-09-19T01:16:00+00:00
288,ef763ec1-f93c-5744-9640-4ca59adf9347,7,5,40,false,"{3,4}",false,2026-09-19T03:16:00+00:00,2026-09-19T03:04:00+00:00,2026-09-19T03:16:00+00:00
289,ef763ec1-f93c-5744-9640-4ca59adf9347,14,40,40,false,"{38,39}",false,2026-09-19T05:16:00+00:00,2026-09-19T05:04:00+00:00,2026-09-19T05:16:00+00:00
290,20b4182c-90f7-51da-99e8-97ade4d19a92,8,10,40,false,"{8,9}",false,2026-09-19T01:15:00+00:00,2026-09-19T01:03:00+00:00,2026-09-19T01:15:00+00:00
291,673e8617-3280-5bfa-85a6-738a6d64aac6,7,7,80,false,"{3,4,5,6}",false,2026-09-19T01:37:00+00:00,2026-09-19T01:01:00+00:00,2026-09-19T01:37:00+00:00
292,673e8617-3280-5bfa-85a6-738a6d64aac6,15,43,0,false,{},false,2026-09-19T03:01:00+00:00,2026-09-19T03:01:00+00:00,2026-09-19T03:01:00+00:00
293,a53c485b-a35c-51fb-84a5-364207ce0adb,7,5,40,false,"{3,4}",false,2026-09-19T01:12:00+00:00,2026-09-19T01:00:00+00:00,2026-09-19T01:12:00+00:00
294,a53c485b-a35c-51fb-84a5-364207ce0adb,16,52,80,false,"{48,49,50,51}",false,2026-09-19T03:36:00+00:00,2026-09-19T03:00:00+00:00,2026-09-19T03:36:00+00:00
295,da462241-608b-5422-bdbd-0d98184a433d,7,5,40,false,"{3,4}",false,2026-09-19T01:11:00+00:00,2026-09-19T00:59:00+00:00,2026-09-19T01:11:00+00:00
296,1062abbb-4fcd-51a9-95fc-5474e4af7640,16,48,0,false,{},false,2026-09-19T00:57:00+00:00,2026-09-19T00:57:00+00:00,2026-09-19T00:57:00+00:00
297,1062abbb-4fcd-51a9-95fc-5474e4af7640,14,38,0,false,{},false,2026-09-19T02:57:00+00:00,2026-09-19T02:57:00+00:00,2026-09-19T02:57:00+00:00
298,44f09dba-7a20-5f46-840b-4670e6c7eb92,13,36,60,false,"{33,34,35}",false,2026-09-19T01:20:00+00:00,2026-09-19T00:56:00+00:00,2026-09-19T01:20:00+00:00
299,a0a53b38-722a-56e6-a52c-fe0e06169a59,14,40,40,false,"{38,39}",false,2026-09-19T01:07:00+00:00,2026-09-19T00:55:00+00:00,2026-09-19T01:07:00+00:00
300,5421f79d-ed60-5eed-852b-01b379adab9e,15,47,80,false,"{43,44,45,46}",false,2026-09-19T01:29:00+00:00,2026-09-19T00:53:00+00:00,2026-09-19T01:29:00+00:00
301,5421f79d-ed60-5eed-852b-01b379adab9e,16,49,20,false,{48},false,2026-09-19T02:53:00+00:00,2026-09-19T02:53:00+00:00,2026-09-19T02:53:00+00:00
302,45abfe15-6e8d-57cf-bda3-b7ae2b5c0bc7,13,35,40,false,"{33,34}",false,2026-09-19T01:04:00+00:00,2026-09-19T00:52:00+00:00,2026-09-19T01:04:00+00:00
303,bdc5faf6-386d-5338-99a0-32d156bcbd68,10,22,100,true,"{18,19,20,21,22}",true,2026-09-19T01:39:00+00:00,2026-09-19T00:51:00+00:00,2026-09-19T01:39:00+00:00
304,bdc5faf6-386d-5338-99a0-32d156bcbd68,8,10,40,false,"{8,9}",false,2026-09-19T03:03:00+00:00,2026-09-19T02:51:00+00:00,2026-09-19T03:03:00+00:00
305,51420309-4688-52d6-84b9-51c0dc3a900e,11,26,60,false,"{23,24,25}",false,2026-09-19T01:13:00+00:00,2026-09-19T00:49:00+00:00,2026-09-19T01:13:00+00:00
306,51420309-4688-52d6-84b9-51c0dc3a900e,16,49,20,false,{48},false,2026-09-19T02:49:00+00:00,2026-09-19T02:49:00+00:00,2026-09-19T02:49:00+00:00
307,7624f38b-fbca-546f-af04-c9dda9318f82,10,20,40,false,"{18,19}",false,2026-09-19T01:00:00+00:00,2026-09-19T00:48:00+00:00,2026-09-19T01:00:00+00:00
308,7624f38b-fbca-546f-af04-c9dda9318f82,15,44,20,false,{43},false,2026-09-19T02:48:00+00:00,2026-09-19T02:48:00+00:00,2026-09-19T02:48:00+00:00
309,33d87513-60c2-51ff-9ec5-f0f1389ed27e,14,42,100,true,"{38,39,40,41,42}",true,2026-09-19T01:35:00+00:00,2026-09-19T00:47:00+00:00,2026-09-19T01:35:00+00:00
310,e137404e-9196-525c-b17a-44dc96d29f29,13,37,100,true,"{33,34,35,36,37}",true,2026-09-19T01:33:00+00:00,2026-09-19T00:45:00+00:00,2026-09-19T01:33:00+00:00
311,e137404e-9196-525c-b17a-44dc96d29f29,8,10,40,false,"{8,9}",false,2026-09-19T02:57:00+00:00,2026-09-19T02:45:00+00:00,2026-09-19T02:57:00+00:00
312,e137404e-9196-525c-b17a-44dc96d29f29,15,47,100,true,"{43,44,45,46,47}",true,2026-09-19T05:33:00+00:00,2026-09-19T04:45:00+00:00,2026-09-19T05:33:00+00:00
313,3bc3e38a-5ff7-5330-ab2d-8add18e85d57,9,14,20,false,{13},false,2026-09-19T00:44:00+00:00,2026-09-19T00:44:00+00:00,2026-09-19T00:44:00+00:00
314,3bc3e38a-5ff7-5330-ab2d-8add18e85d57,16,51,60,false,"{48,49,50}",false,2026-09-19T03:08:00+00:00,2026-09-19T02:44:00+00:00,2026-09-19T03:08:00+00:00
315,b39a9d3d-f3eb-5d31-9cc7-15e278969b70,12,30,40,false,"{28,29}",false,2026-09-19T00:55:00+00:00,2026-09-19T00:43:00+00:00,2026-09-19T00:55:00+00:00
316,6cf4bb40-4d81-5eb3-b9d9-5841cd55724e,16,49,20,false,{48},false,2026-09-19T00:41:00+00:00,2026-09-19T00:41:00+00:00,2026-09-19T00:41:00+00:00
317,6cf4bb40-4d81-5eb3-b9d9-5841cd55724e,15,47,80,false,"{43,44,45,46}",false,2026-09-19T03:17:00+00:00,2026-09-19T02:41:00+00:00,2026-09-19T03:17:00+00:00
318,cd8c4c60-ab9b-5cf3-996e-d4fbb990f4c6,16,49,20,false,{48},false,2026-09-19T01:30:00+00:00,2026-09-19T01:30:00+00:00,2026-09-19T01:30:00+00:00
319,878bb7d9-5569-5efb-bbd1-5e39d62d594d,16,52,100,true,"{48,49,50,51,52}",true,2026-09-19T02:17:00+00:00,2026-09-19T01:29:00+00:00,2026-09-19T02:17:00+00:00
320,878bb7d9-5569-5efb-bbd1-5e39d62d594d,10,21,60,false,"{18,19,20}",false,2026-09-19T03:53:00+00:00,2026-09-19T03:29:00+00:00,2026-09-19T03:53:00+00:00
321,878bb7d9-5569-5efb-bbd1-5e39d62d594d,7,3,0,false,{},false,2026-09-19T05:29:00+00:00,2026-09-19T05:29:00+00:00,2026-09-19T05:29:00+00:00
322,6ecf180b-be59-594c-a33b-31bd0120f01f,7,6,60,false,"{3,4,5}",false,2026-09-19T01:51:00+00:00,2026-09-19T01:27:00+00:00,2026-09-19T01:51:00+00:00
323,693ebb02-ab3f-5d60-b798-d4d4df4900d2,16,51,60,false,"{48,49,50}",false,2026-09-19T01:50:00+00:00,2026-09-19T01:26:00+00:00,2026-09-19T01:50:00+00:00
324,096499d2-73d6-5063-9dd4-a7c1aebac61d,10,20,40,false,"{18,19}",false,2026-09-19T01:37:00+00:00,2026-09-19T01:25:00+00:00,2026-09-19T01:37:00+00:00
325,9d1c460b-bd0b-57ff-ac14-f2b10f73edd3,12,32,80,false,"{28,29,30,31}",false,2026-09-19T01:59:00+00:00,2026-09-19T01:23:00+00:00,2026-09-19T01:59:00+00:00
326,63fdd1e3-9db3-5b05-9799-510eea6abab7,7,4,20,false,{3},false,2026-09-19T01:22:00+00:00,2026-09-19T01:22:00+00:00,2026-09-19T01:22:00+00:00
327,4ec67eb8-4fda-5cbc-bbd1-a6afc7ce8130,7,6,60,false,"{3,4,5}",false,2026-09-19T01:45:00+00:00,2026-09-19T01:21:00+00:00,2026-09-19T01:45:00+00:00
328,02bf8d95-eee4-5287-b363-0551cc4a6d51,9,14,20,false,{13},false,2026-09-19T01:19:00+00:00,2026-09-19T01:19:00+00:00,2026-09-19T01:19:00+00:00
329,02bf8d95-eee4-5287-b363-0551cc4a6d51,7,5,40,false,"{3,4}",false,2026-09-19T03:31:00+00:00,2026-09-19T03:19:00+00:00,2026-09-19T03:31:00+00:00
330,58074159-53d7-5a52-8436-d84a05af35a9,12,31,60,false,"{28,29,30}",false,2026-09-19T01:42:00+00:00,2026-09-19T01:18:00+00:00,2026-09-19T01:42:00+00:00
331,58074159-53d7-5a52-8436-d84a05af35a9,10,19,20,false,{18},false,2026-09-19T03:18:00+00:00,2026-09-19T03:18:00+00:00,2026-09-19T03:18:00+00:00
332,d9aaa9eb-5304-587b-b0f4-42a2d5930f54,9,15,40,false,"{13,14}",false,2026-09-19T01:29:00+00:00,2026-09-19T01:17:00+00:00,2026-09-19T01:29:00+00:00
333,49a9d8f7-08ea-5972-af3a-0ca0a6c06e59,9,16,60,false,"{13,14,15}",false,2026-09-19T01:39:00+00:00,2026-09-19T01:15:00+00:00,2026-09-19T01:39:00+00:00
334,e7c63421-97d2-555e-9731-46cb0f04f637,7,5,40,false,"{3,4}",false,2026-09-19T01:26:00+00:00,2026-09-19T01:14:00+00:00,2026-09-19T01:26:00+00:00
335,b897da16-1a55-5740-8129-7d502e6f44b8,10,19,20,false,{18},false,2026-09-19T01:13:00+00:00,2026-09-19T01:13:00+00:00,2026-09-19T01:13:00+00:00
336,b897da16-1a55-5740-8129-7d502e6f44b8,9,16,60,false,"{13,14,15}",false,2026-09-19T03:37:00+00:00,2026-09-19T03:13:00+00:00,2026-09-19T03:37:00+00:00
337,0e992dba-f631-52d1-b7e3-76faec77c33f,13,33,0,false,{},false,2026-09-19T01:11:00+00:00,2026-09-19T01:11:00+00:00,2026-09-19T01:11:00+00:00
338,473b12ab-4d0d-5b7f-89b2-c0a1e2405c60,16,50,40,false,"{48,49}",false,2026-09-19T01:22:00+00:00,2026-09-19T01:10:00+00:00,2026-09-19T01:22:00+00:00
339,473b12ab-4d0d-5b7f-89b2-c0a1e2405c60,12,29,20,false,{28},false,2026-09-19T03:10:00+00:00,2026-09-19T03:10:00+00:00,2026-09-19T03:10:00+00:00
340,88820056-e901-59a1-b2ca-c4e813b34f7b,8,11,60,false,"{8,9,10}",false,2026-09-19T01:33:00+00:00,2026-09-19T01:09:00+00:00,2026-09-19T01:33:00+00:00
341,fbdfefdb-ca2d-5a0e-87ed-62021c1c11d4,9,15,40,false,"{13,14}",false,2026-09-19T01:19:00+00:00,2026-09-19T01:07:00+00:00,2026-09-19T01:19:00+00:00
342,8fa5b823-1a70-59f7-9bb2-b3d5f36dc82b,12,32,100,true,"{28,29,30,31,32}",true,2026-09-19T01:54:00+00:00,2026-09-19T01:06:00+00:00,2026-09-19T01:54:00+00:00
343,f6e8344b-87f4-5461-93fc-b01ff1ae4265,14,39,20,false,{38},false,2026-09-19T01:05:00+00:00,2026-09-19T01:05:00+00:00,2026-09-19T01:05:00+00:00
344,f6e8344b-87f4-5461-93fc-b01ff1ae4265,11,24,20,false,{23},false,2026-09-19T03:05:00+00:00,2026-09-19T03:05:00+00:00,2026-09-19T03:05:00+00:00
345,c6286e16-5e03-594c-aa67-861b8ba91b33,15,43,0,false,{},false,2026-09-19T01:03:00+00:00,2026-09-19T01:03:00+00:00,2026-09-19T01:03:00+00:00
346,fb400c3e-ecd0-522e-8b8e-1323946be71a,12,30,40,false,"{28,29}",false,2026-09-19T01:14:00+00:00,2026-09-19T01:02:00+00:00,2026-09-19T01:14:00+00:00
347,373cd20e-25d5-5a46-a0ae-18157cf68a55,12,31,60,false,"{28,29,30}",false,2026-09-19T01:25:00+00:00,2026-09-19T01:01:00+00:00,2026-09-19T01:25:00+00:00
348,40120057-c43a-5745-9d3a-d9b0c6b1e84e,15,46,60,false,"{43,44,45}",false,2026-09-19T01:23:00+00:00,2026-09-19T00:59:00+00:00,2026-09-19T01:23:00+00:00
349,6d9d0917-bda8-5863-abe4-92d14b0cc926,15,44,20,false,{43},false,2026-09-19T00:58:00+00:00,2026-09-19T00:58:00+00:00,2026-09-19T00:58:00+00:00
350,6d9d0917-bda8-5863-abe4-92d14b0cc926,14,41,60,false,"{38,39,40}",false,2026-09-19T03:22:00+00:00,2026-09-19T02:58:00+00:00,2026-09-19T03:22:00+00:00
351,6ac5a7a4-ae0d-5e31-8a7c-d85b63a96c46,8,9,20,false,{8},false,2026-09-19T00:57:00+00:00,2026-09-19T00:57:00+00:00,2026-09-19T00:57:00+00:00
352,6ac5a7a4-ae0d-5e31-8a7c-d85b63a96c46,9,14,20,false,{13},false,2026-09-19T02:57:00+00:00,2026-09-19T02:57:00+00:00,2026-09-19T02:57:00+00:00
353,518ae987-15f7-5b22-8bcc-df59623dbdce,11,24,20,false,{23},false,2026-09-19T00:55:00+00:00,2026-09-19T00:55:00+00:00,2026-09-19T00:55:00+00:00
354,518ae987-15f7-5b22-8bcc-df59623dbdce,7,7,80,false,"{3,4,5,6}",false,2026-09-19T03:31:00+00:00,2026-09-19T02:55:00+00:00,2026-09-19T03:31:00+00:00
355,b7180518-4b5b-54ef-9060-958212d05ab7,7,6,60,false,"{3,4,5}",false,2026-09-19T01:18:00+00:00,2026-09-19T00:54:00+00:00,2026-09-19T01:18:00+00:00
356,3d0f3e54-413b-5a89-bc88-8cb0e7246b97,7,4,20,false,{3},false,2026-09-19T00:53:00+00:00,2026-09-19T00:53:00+00:00,2026-09-19T00:53:00+00:00
357,3d0f3e54-413b-5a89-bc88-8cb0e7246b97,10,22,100,true,"{18,19,20,21,22}",true,2026-09-19T03:41:00+00:00,2026-09-19T02:53:00+00:00,2026-09-19T03:41:00+00:00
358,3d5b480d-3962-5c76-96ca-5459d65372aa,9,13,0,false,{},false,2026-09-19T00:51:00+00:00,2026-09-19T00:51:00+00:00,2026-09-19T00:51:00+00:00
359,d6b81cb4-a299-5894-baa5-463cb63679a3,14,39,20,false,{38},false,2026-09-19T00:50:00+00:00,2026-09-19T00:50:00+00:00,2026-09-19T00:50:00+00:00
360,d6b81cb4-a299-5894-baa5-463cb63679a3,11,25,40,false,"{23,24}",false,2026-09-19T03:02:00+00:00,2026-09-19T02:50:00+00:00,2026-09-19T03:02:00+00:00
361,06657aeb-b604-5b0d-9281-d2e5afb78a9d,9,14,20,false,{13},false,2026-09-19T00:49:00+00:00,2026-09-19T00:49:00+00:00,2026-09-19T00:49:00+00:00
362,d3175e63-6121-5d55-b429-df91670d9aca,9,16,60,false,"{13,14,15}",false,2026-09-19T01:11:00+00:00,2026-09-19T00:47:00+00:00,2026-09-19T01:11:00+00:00
363,d3175e63-6121-5d55-b429-df91670d9aca,16,51,60,false,"{48,49,50}",false,2026-09-19T03:11:00+00:00,2026-09-19T02:47:00+00:00,2026-09-19T03:11:00+00:00
364,7b359533-e634-59eb-a2c3-b5501ff96488,12,32,100,true,"{28,29,30,31,32}",true,2026-09-19T01:34:00+00:00,2026-09-19T00:46:00+00:00,2026-09-19T01:34:00+00:00
365,7b359533-e634-59eb-a2c3-b5501ff96488,10,19,20,false,{18},false,2026-09-19T02:46:00+00:00,2026-09-19T02:46:00+00:00,2026-09-19T02:46:00+00:00
366,9047d24d-0775-5f10-bf17-6e8fc62c5884,16,51,60,false,"{48,49,50}",false,2026-09-19T01:09:00+00:00,2026-09-19T00:45:00+00:00,2026-09-19T01:09:00+00:00
367,9047d24d-0775-5f10-bf17-6e8fc62c5884,14,39,20,false,{38},false,2026-09-19T02:45:00+00:00,2026-09-19T02:45:00+00:00,2026-09-19T02:45:00+00:00
368,d16e3cdc-2868-563d-867d-62fa9b8b24ea,16,48,0,false,{},false,2026-09-19T00:43:00+00:00,2026-09-19T00:43:00+00:00,2026-09-19T00:43:00+00:00
369,d16e3cdc-2868-563d-867d-62fa9b8b24ea,10,20,40,false,"{18,19}",false,2026-09-19T02:55:00+00:00,2026-09-19T02:43:00+00:00,2026-09-19T02:55:00+00:00
370,35e87bcc-650c-5e3f-9741-3f0c54905b6f,7,7,80,false,"{3,4,5,6}",false,2026-09-19T01:18:00+00:00,2026-09-19T00:42:00+00:00,2026-09-19T01:18:00+00:00
371,35e87bcc-650c-5e3f-9741-3f0c54905b6f,9,16,60,false,"{13,14,15}",false,2026-09-19T03:06:00+00:00,2026-09-19T02:42:00+00:00,2026-09-19T03:06:00+00:00
372,61347d09-09eb-5f04-a4ec-fe830319799f,14,42,100,true,"{38,39,40,41,42}",true,2026-09-19T01:29:00+00:00,2026-09-19T00:41:00+00:00,2026-09-19T01:29:00+00:00
373,61347d09-09eb-5f04-a4ec-fe830319799f,9,14,20,false,{13},false,2026-09-19T02:41:00+00:00,2026-09-19T02:41:00+00:00,2026-09-19T02:41:00+00:00
374,7298015b-9105-595a-b879-3013c08053f7,14,40,40,false,"{38,39}",false,2026-09-19T01:41:00+00:00,2026-09-19T01:29:00+00:00,2026-09-19T01:41:00+00:00
375,5c465a9a-bc36-5d7b-b5a2-0f18d9dab68a,14,39,20,false,{38},false,2026-09-19T01:28:00+00:00,2026-09-19T01:28:00+00:00,2026-09-19T01:28:00+00:00
376,e7dd6cb0-626e-510a-9e98-0498c534b04d,15,47,80,false,"{43,44,45,46}",false,2026-09-19T02:03:00+00:00,2026-09-19T01:27:00+00:00,2026-09-19T02:03:00+00:00
377,0947c4b9-50d6-50e2-9043-84a15b80e8c7,7,7,100,true,"{3,4,5,6,7}",true,2026-09-19T02:13:00+00:00,2026-09-19T01:25:00+00:00,2026-09-19T02:13:00+00:00
378,82a5c89c-0b3a-58b9-9259-837a5348a5c2,11,23,0,false,{},false,2026-09-19T01:24:00+00:00,2026-09-19T01:24:00+00:00,2026-09-19T01:24:00+00:00
379,729fe171-fa0d-547e-b374-39bd19f4c645,11,26,60,false,"{23,24,25}",false,2026-09-19T01:47:00+00:00,2026-09-19T01:23:00+00:00,2026-09-19T01:47:00+00:00
380,01c00e49-c4d6-5d4b-bbc1-8aa3fe21ba2a,15,47,80,false,"{43,44,45,46}",false,2026-09-19T01:57:00+00:00,2026-09-19T01:21:00+00:00,2026-09-19T01:57:00+00:00
381,1873645b-b54c-51dc-a41a-7131e831a64f,9,14,20,false,{13},false,2026-09-19T01:20:00+00:00,2026-09-19T01:20:00+00:00,2026-09-19T01:20:00+00:00
382,1873645b-b54c-51dc-a41a-7131e831a64f,7,5,40,false,"{3,4}",false,2026-09-19T03:32:00+00:00,2026-09-19T03:20:00+00:00,2026-09-19T03:32:00+00:00
383,9edec740-5de6-5c27-8233-5cf72946b182,8,12,80,false,"{8,9,10,11}",false,2026-09-19T01:55:00+00:00,2026-09-19T01:19:00+00:00,2026-09-19T01:55:00+00:00
384,9edec740-5de6-5c27-8233-5cf72946b182,11,24,20,false,{23},false,2026-09-19T03:19:00+00:00,2026-09-19T03:19:00+00:00,2026-09-19T03:19:00+00:00
385,783491ec-2857-52e8-a102-766d7abba6d2,13,37,100,true,"{33,34,35,36,37}",true,2026-09-19T02:05:00+00:00,2026-09-19T01:17:00+00:00,2026-09-19T02:05:00+00:00
386,e21dfd78-ea9f-5754-a3b2-3b3b66dd30b5,10,21,60,false,"{18,19,20}",false,2026-09-19T01:40:00+00:00,2026-09-19T01:16:00+00:00,2026-09-19T01:40:00+00:00
387,e21dfd78-ea9f-5754-a3b2-3b3b66dd30b5,13,34,20,false,{33},false,2026-09-19T03:16:00+00:00,2026-09-19T03:16:00+00:00,2026-09-19T03:16:00+00:00
388,e21dfd78-ea9f-5754-a3b2-3b3b66dd30b5,7,4,20,false,{3},false,2026-09-19T05:16:00+00:00,2026-09-19T05:16:00+00:00,2026-09-19T05:16:00+00:00
