id,user_id,skill_id,level,is_verified
185,d9fbcbde-376a-5f82-9fb5-268a24b02d57,5,beginner,false
186,d9fbcbde-376a-5f82-9fb5-268a24b02d57,3,beginner,false
187,d9fbcbde-376a-5f82-9fb5-268a24b02d57,6,beginner,false
188,d9fbcbde-376a-5f82-9fb5-268a24b02d57,133,beginner,false
189,d9fbcbde-376a-5f82-9fb5-268a24b02d57,9,beginner,false
190,4c2177ab-592a-5e4a-b25b-8bb3f8090555,137,intermediate,false
191,4c2177ab-592a-5e4a-b25b-8bb3f8090555,138,intermediate,false
192,4c2177ab-592a-5e4a-b25b-8bb3f8090555,139,beginner,false
193,8ae0340a-8eaf-5e9d-9db0-ac449334023d,143,intermediate,false
194,8ae0340a-8eaf-5e9d-9db0-ac449334023d,9,intermediate,false
195,8ae0340a-8eaf-5e9d-9db0-ac449334023d,144,beginner,false
196,8ae0340a-8eaf-5e9d-9db0-ac449334023d,23,beginner,false
197,3d016498-e16a-5ad9-95c7-b633dfc6a142,137,intermediate,false
198,3d016498-e16a-5ad9-95c7-b633dfc6a142,29,intermediate,false
199,3d016498-e16a-5ad9-95c7-b633dfc6a142,135,beginner,false
200,001e944b-e64e-5742-afb7-5e04327e41ee,9,advanced,false
201,001e944b-e64e-5742-afb7-5e04327e41ee,10,intermediate,false
202,001e944b-e64e-5742-afb7-5e04327e41ee,20,beginner,false
203,001e944b-e64e-5742-afb7-5e04327e41ee,134,beginner,false
204,1767869f-381f-59b9-acac-01da2d539e40,9,intermediate,false
205,1767869f-381f-59b9-acac-01da2d539e40,142,intermediate,false
206,50d6350f-ffd4-59ad-a1ff-65a49a77a913,9,beginner,false
207,50d6350f-ffd4-59ad-a1ff-65a49a77a913,27,beginner,false
208,1bc15434-bc22-56cc-a890-336efd2a11e5,5,intermediate,false
209,1bc15434-bc22-56cc-a890-336efd2a11e5,3,intermediate,false
210,1bc15434-bc22-56cc-a890-336efd2a11e5,6,beginner,false
211,1bc15434-bc22-56cc-a890-336efd2a11e5,133,beginner,false
212,3425797b-5c54-5f3a-9a34-9cedb0dc5b84,137,beginner,false
213,3425797b-5c54-5f3a-9a34-9cedb0dc5b84,138,beginner,false
214,3425797b-5c54-5f3a-9a34-9cedb0dc5b84,140,beginner,false
215,b55b4f74-ded6-5cf1-aae0-9ad89c03c10c,143,intermediate,false
216,b55b4f74-ded6-5cf1-aae0-9ad89c03c10c,9,intermediate,false
217,b0ebc690-efe0-594f-bd55-e4d7ec3454bc,134,intermediate,false
218,b0ebc690-efe0-594f-bd55-e4d7ec3454bc,138,intermediate,false
219,9c9c228f-3bd5-5da4-b666-fbfab93b4b7e,9,intermediate,false
220,9c9c228f-3bd5-5da4-b666-fbfab93b4b7e,19,intermediate,false
221,4966bb54-4d4f-5992-8586-1bd44991d17f,9,intermediate,false
222,4966bb54-4d4f-5992-8586-1bd44991d17f,142,intermediate,false
223,4966bb54-4d4f-5992-8586-1bd44991d17f,133,beginner,false
224,4966bb54-4d4f-5992-8586-1bd44991d17f,143,beginner,false
225,3a376c3a-3e46-5c8c-815c-232b66ca9bc8,9,beginner,false
226,3a376c3a-3e46-5c8c-815c-232b66ca9bc8,27,beginner,false
227,88a268b0-6bca-5583-b041-ffdbc51be7e6,5,advanced,false
228,88a268b0-6bca-5583-b041-ffdbc51be7e6,3,intermediate,false
229,a992f17b-79b6-5dcf-aed4-2aebaa5775c7,4,intermediate,false
230,a992f17b-79b6-5dcf-aed4-2aebaa5775c7,5,intermediate,false
231,6b9b6012-cdb4-50eb-8ad0-01c36516df23,145,advanced,false
232,6b9b6012-cdb4-50eb-8ad0-01c36516df23,146,intermediate,false
233,6b9b6012-cdb4-50eb-8ad0-01c36516df23,133,beginner,false
234,6b9b6012-cdb4-50eb-8ad0-01c36516df23,11,beginner,false
235,6b9b6012-cdb4-50eb-8ad0-01c36516df23,9,beginner,false
236,e502b694-466f-5e1f-9293-146b264ae20c,134,intermediate,false
237,e502b694-466f-5e1f-9293-146b264ae20c,138,intermediate,false
238,84da666c-c47c-572e-b2c9-3b6f35881596,9,intermediate,false
239,84da666c-c47c-572e-b2c9-3b6f35881596,19,intermediate,false
240,84da666c-c47c-572e-b2c9-3b6f35881596,135,beginner,false
241,84da666c-c47c-572e-b2c9-3b6f35881596,136,beginner,false
242,0e49007f-82be-5238-a956-37d8f7b40d4c,9,intermediate,false
243,0e49007f-82be-5238-a956-37d8f7b40d4c,142,intermediate,false
244,774fd1d7-ca6b-5177-9d91-fc7b24739425,147,intermediate,false
245,774fd1d7-ca6b-5177-9d91-fc7b24739425,136,intermediate,false
246,774fd1d7-ca6b-5177-9d91-fc7b24739425,134,beginner,false
247,082b47e7-5a06-5a34-bd49-595c82b2b196,134,advanced,false
248,082b47e7-5a06-5a34-bd49-595c82b2b196,29,intermediate,false
249,ee289908-380a-5bb3-8fdc-0990b203929b,4,advanced,false
250,ee289908-380a-5bb3-8fdc-0990b203929b,5,intermediate,false
251,ee289908-380a-5bb3-8fdc-0990b203929b,8,beginner,false
252,ee289908-380a-5bb3-8fdc-0990b203929b,133,beginner,false
253,84047d01-74e6-5a08-a20e-b5c25e3eff3e,145,intermediate,false
254,84047d01-74e6-5a08-a20e-b5c25e3eff3e,146,intermediate,false
255,84047d01-74e6-5a08-a20e-b5c25e3eff3e,133,beginner,false
256,84047d01-74e6-5a08-a20e-b5c25e3eff3e,11,beginner,false
257,bc38029f-d1c5-5b8f-8055-d446a522cb91,134,intermediate,false
258,bc38029f-d1c5-5b8f-8055-d446a522cb91,138,intermediate,false
259,bc38029f-d1c5-5b8f-8055-d446a522cb91,148,beginner,false
260,bc38029f-d1c5-5b8f-8055-d446a522cb91,5,beginner,false
261,5d857806-7d61-533b-bc12-af2d7b775d29,140,advanced,false
262,5d857806-7d61-533b-bc12-af2d7b775d29,141,intermediate,false
263,5d857806-7d61-533b-bc12-af2d7b775d29,134,beginner,false
264,554a90ae-c448-548d-a552-cd8f1c340cbd,19,intermediate,false
265,554a90ae-c448-548d-a552-cd8f1c340cbd,20,intermediate,false
266,554a90ae-c448-548d-a552-cd8f1c340cbd,21,beginner,false
267,4cf03b5a-e2ca-57f2-95b8-16a3b92247e6,147,intermediate,false
268,4cf03b5a-e2ca-57f2-95b8-16a3b92247e6,136,intermediate,false
269,4cf03b5a-e2ca-57f2-95b8-16a3b92247e6,31,beginner,false
270,f22a7317-9c2b-5d13-99b9-1a1622094bb3,134,beginner,false
271,f22a7317-9c2b-5d13-99b9-1a1622094bb3,29,beginner,false
272,f22a7317-9c2b-5d13-99b9-1a1622094bb3,9,beginner,false
273,302b84f9-9053-5cf7-bed0-305678227875,4,intermediate,false
274,302b84f9-9053-5cf7-bed0-305678227875,5,intermediate,false
275,302b84f9-9053-5cf7-bed0-305678227875,8,beginner,false
276,7b48b183-5d87-500f-9cec-2e003c19efac,137,beginner,false
277,7b48b183-5d87-500f-9cec-2e003c19efac,29,beginner,false
278,7b48b183-5d87-500f-9cec-2e003c19efac,135,beginner,false
279,96ccee9a-30f2-56cd-b597-a927c84e0f75,9,beginner,false
280,96ccee9a-30f2-56cd-b597-a927c84e0f75,10,beginner,false
281,96ccee9a-30f2-56cd-b597-a927c84e0f75,20,beginner,false
282,e5b7ccce-2cb7-5b6e-95a5-32ffacbca87f,140,intermediate,false
283,e5b7ccce-2cb7-5b6e-95a5-32ffacbca87f,141,intermediate,false
284,e5b7ccce-2cb7-5b6e-95a5-32ffacbca87f,4,beginner,false
285,daa36188-60fd-56a2-938b-70b1b51084b0,19,intermediate,false
286,daa36188-60fd-56a2-938b-70b1b51084b0,20,intermediate,false
287,36016ab9-3cc9-5f6a-8bc7-1d138ad9cb43,147,beginner,false
288,36016ab9-3cc9-5f6a-8bc7-1d138ad9cb43,136,beginner,false
289,6ab0c42d-0ad5-5b3d-9c6c-4ab9eaa47586,137,intermediate,false
290,6ab0c42d-0ad5-5b3d-9c6c-4ab9eaa47586,138,intermediate,false
291,5ccdaadc-80b2-50e1-a0c1-bad0246a7cf2,143,intermediate,false
292,5ccdaadc-80b2-50e1-a0c1-bad0246a7cf2,9,intermediate,false
293,5ccdaadc-80b2-50e1-a0c1-bad0246a7cf2,144,beginner,false
294,5ccdaadc-80b2-50e1-a0c1-bad0246a7cf2,19,beginner,false
295,95ff45a0-9b28-55cb-bba6-22a608a4e30d,137,intermediate,false
296,95ff45a0-9b28-55cb-bba6-22a608a4e30d,29,intermediate,false
297,95ff45a0-9b28-55cb-bba6-22a608a4e30d,135,beginner,false
298,f0f4eb8c-a1ed-50a1-bc7d-2863700a31a5,9,intermediate,false
299,f0f4eb8c-a1ed-50a1-bc7d-2863700a31a5,10,intermediate,false
300,50de23a6-cd45-55ac-adb0-06d14b4ed8ce,140,intermediate,false
301,50de23a6-cd45-55ac-adb0-06d14b4ed8ce,141,intermediate,false
302,50de23a6-cd45-55ac-adb0-06d14b4ed8ce,134,beginner,false
303,7ef6d8e7-132e-5da5-a653-16dd2e5719c4,9,intermediate,false
304,7ef6d8e7-132e-5da5-a653-16dd2e5719c4,27,intermediate,false
305,7ef6d8e7-132e-5da5-a653-16dd2e5719c4,136,beginner,false
306,7ef6d8e7-132e-5da5-a653-16dd2e5719c4,137,beginner,false
307,a36cd93c-2f0c-5956-9a51-8094e39a7bed,5,advanced,false
308,a36cd93c-2f0c-5956-9a51-8094e39a7bed,3,intermediate,false
309,a36cd93c-2f0c-5956-9a51-8094e39a7bed,6,beginner,false
310,a36cd93c-2f0c-5956-9a51-8094e39a7bed,133,beginner,false
311,6e82bb3e-ede8-5803-ba1a-cc3aa8766199,137,advanced,false
312,6e82bb3e-ede8-5803-ba1a-cc3aa8766199,138,intermediate,false
313,64b591cd-4cbe-577a-aba9-ee6912328a58,143,intermediate,false
314,64b591cd-4cbe-577a-aba9-ee6912328a58,9,intermediate,false
315,a6b8342c-310b-5b88-9c07-602dbd646488,137,intermediate,false
316,a6b8342c-310b-5b88-9c07-602dbd646488,29,intermediate,false
317,a6b8342c-310b-5b88-9c07-602dbd646488,135,beginner,false
318,a6b8342c-310b-5b88-9c07-602dbd646488,147,beginner,false
319,52ab3a8f-ec5c-5e66-bcd5-efc304512118,9,intermediate,false
320,52ab3a8f-ec5c-5e66-bcd5-efc304512118,19,intermediate,false
321,52ab3a8f-ec5c-5e66-bcd5-efc304512118,135,beginner,false
322,52ab3a8f-ec5c-5e66-bcd5-efc304512118,136,beginner,false
323,5a4b137d-2ebb-5c75-8cdd-bf77406b4b9f,9,advanced,false
324,5a4b137d-2ebb-5c75-8cdd-bf77406b4b9f,142,intermediate,false
325,5a4b137d-2ebb-5c75-8cdd-bf77406b4b9f,133,beginner,false
326,f4b545d6-b6c0-54b8-847e-101d68428b48,9,beginner,false
327,f4b545d6-b6c0-54b8-847e-101d68428b48,27,beginner,false
328,f4b545d6-b6c0-54b8-847e-101d68428b48,136,beginner,false
329,4845dc43-0c9d-5f09-aa4a-62e68abb5d12,5,advanced,false
330,4845dc43-0c9d-5f09-aa4a-62e68abb5d12,3,intermediate,false
331,4845dc43-0c9d-5f09-aa4a-62e68abb5d12,6,beginner,false
332,4845dc43-0c9d-5f09-aa4a-62e68abb5d12,133,beginner,false
333,4845dc43-0c9d-5f09-aa4a-62e68abb5d12,9,beginner,false
334,8819cb55-67e6-5a55-98c8-d80446975a9e,137,beginner,false
335,8819cb55-67e6-5a55-98c8-d80446975a9e,138,beginner,false
336,e0b64119-ecb0-52a5-852d-39c211ce337a,145,intermediate,false
337,e0b64119-ecb0-52a5-852d-39c211ce337a,146,intermediate,false
338,e0b64119-ecb0-52a5-852d-39c211ce337a,133,beginner,false
339,e0b64119-ecb0-52a5-852d-39c211ce337a,11,beginner,false
340,ae96d203-7a11-52ed-9e02-cd93c3dda603,134,intermediate,false
341,ae96d203-7a11-52ed-9e02-cd93c3dda603,138,intermediate,false
342,ae96d203-7a11-52ed-9e02-cd93c3dda603,148,beginner,false
343,a2cc3818-be31-5aeb-828c-e23f579431aa,9,beginner,false
344,a2cc3818-be31-5aeb-828c-e23f579431aa,19,beginner,false
345,a2cc3818-be31-5aeb-828c-e23f579431aa,135,beginner,false
346,a2cc3818-be31-5aeb-828c-e23f579431aa,136,beginner,false
347,a2cc3818-be31-5aeb-828c-e23f579431aa,137,beginner,false
348,baa8ef70-5b01-5a49-84cb-71c353290705,9,intermediate,false
349,baa8ef70-5b01-5a49-84cb-71c353290705,142,intermediate,false
350,d0c58825-6ead-50f6-9a07-f2f95dbb51ea,9,intermediate,false
351,d0c58825-6ead-50f6-9a07-f2f95dbb51ea,27,intermediate,false
352,d0c58825-6ead-50f6-9a07-f2f95dbb51ea,136,beginner,false
353,f3744506-cae3-5f81-8a4f-506a60395be8,134,intermediate,false
354,f3744506-cae3-5f81-8a4f-506a60395be8,29,intermediate,false
355,7f0221a7-4703-52e7-8b26-fa2cd7303c90,4,intermediate,false
356,7f0221a7-4703-52e7-8b26-fa2cd7303c90,5,intermediate,false
357,7f0221a7-4703-52e7-8b26-fa2cd7303c90,8,beginner,false
358,7f0221a7-4703-52e7-8b26-fa2cd7303c90,9,beginner,false
359,96373821-4bf4-53b8-bd24-bb64bbb3b84e,145,advanced,false
360,96373821-4bf4-53b8-bd24-bb64bbb3b84e,146,intermediate,false
361,45cee65b-db52-5dff-b09d-0ee1ac2be20f,134,intermediate,false
362,45cee65b-db52-5dff-b09d-0ee1ac2be20f,138,intermediate,false
363,95927b04-f214-5c26-878d-fb55176e41bc,9,intermediate,false
364,95927b04-f214-5c26-878d-fb55176e41bc,19,intermediate,false
365,95927b04-f214-5c26-878d-fb55176e41bc,135,beginner,false
366,6467241a-6abd-5888-8e87-40e0e86cbc55,19,beginner,false
367,6467241a-6abd-5888-8e87-40e0e86cbc55,20,beginner,false
368,6467241a-6abd-5888-8e87-40e0e86cbc55,21,beginner,false
369,6467241a-6abd-5888-8e87-40e0e86cbc55,137,beginner,false
370,6467241a-6abd-5888-8e87-40e0e86cbc55,145,beginner,false
371,19e81afb-74c1-5b4a-9af3-469f3b610235,147,advanced,false
372,19e81afb-74c1-5b4a-9af3-469f3b610235,136,intermediate,false
373,d48cab4b-e48b-59ae-88d6-41d5d463569d,134,intermediate,false
374,d48cab4b-e48b-59ae-88d6-41d5d463569d,29,intermediate,false
375,d48cab4b-e48b-59ae-88d6-41d5d463569d,7,beginner,false
376,7e6a1243-34f5-52e6-862f-e5f3b2ebe640,4,intermediate,false
377,7e6a1243-34f5-52e6-862f-e5f3b2ebe640,5,intermediate,false
378,7e6a1243-34f5-52e6-862f-e5f3b2ebe640,8,beginner,false
379,ab45f9eb-3fee-5ea5-bccb-faffc50f3e76,145,beginner,false
380,ab45f9eb-3fee-5ea5-bccb-faffc50f3e76,146,beginner,false
381,ab45f9eb-3fee-5ea5-bccb-faffc50f3e76,9,beginner,false
382,eb397f92-99ac-5f0f-8f81-3540865f0477,9,intermediate,false
383,eb397f92-99ac-5f0f-8f81-3540865f0477,10,intermediate,false
384,eb397f92-99ac-5f0f-8f81-3540865f0477,20,beginner,false
385,eb397f92-99ac-5f0f-8f81-3540865f0477,133,beginner,false
386,25797954-b022-582e-8349-e1e2c141368c,140,beginner,false
387,25797954-b022-582e-8349-e1e2c141368c,141,beginner,false
388,25797954-b022-582e-8349-e1e2c141368c,134,beginner,false
389,bb4b0d34-59a4-5948-a9be-a1aa6caece55,19,advanced,false
390,bb4b0d34-59a4-5948-a9be-a1aa6caece55,20,intermediate,false
391,bb4b0d34-59a4-5948-a9be-a1aa6caece55,21,beginner,false
392,bb4b0d34-59a4-5948-a9be-a1aa6caece55,137,beginner,false
393,33ba5d16-c38c-5bcf-9896-ea8ae81d6e7b,147,intermediate,false
394,33ba5d16-c38c-5bcf-9896-ea8ae81d6e7b,136,intermediate,false
395,33ba5d16-c38c-5bcf-9896-ea8ae81d6e7b,31,beginner,false
396,33ba5d16-c38c-5bcf-9896-ea8ae81d6e7b,134,beginner,false
397,f223e569-d735-5980-b77b-25d459e64a37,134,advanced,false
398,f223e569-d735-5980-b77b-25d459e64a37,29,intermediate,false
399,dfe9e449-d177-56af-a679-d3e1c78c5c02,143,intermediate,false
400,dfe9e449-d177-56af-a679-d3e1c78c5c02,9,intermediate,false
401,dfe9e449-d177-56af-a679-d3e1c78c5c02,144,beginner,false
402,a5526e82-ef69-522b-b3ad-df818658bde0,137,intermediate,false
403,a5526e82-ef69-522b-b3ad-df818658bde0,29,intermediate,false
404,ae7ac442-d880-5cd8-bc30-8d21c5f7dc54,9,advanced,false
405,ae7ac442-d880-5cd8-bc30-8d21c5f7dc54,10,intermediate,false
406,ae7ac442-d880-5cd8-bc30-8d21c5f7dc54,134,beginner,false
407,6690668c-e73d-51ff-9ca4-36bec9b8c175,140,intermediate,false
408,6690668c-e73d-51ff-9ca4-36bec9b8c175,141,intermediate,false
409,f2561442-8439-5138-9a3b-8bcf96f16609,19,advanced,false
410,f2561442-8439-5138-9a3b-8bcf96f16609,20,intermediate,false
411,f2561442-8439-5138-9a3b-8bcf96f16609,21,beginner,false
412,f2561442-8439-5138-9a3b-8bcf96f16609,137,beginner,false
413,37b7aed3-d207-54f7-b4ec-0e05c50eaeb2,5,intermediate,false
414,37b7aed3-d207-54f7-b4ec-0e05c50eaeb2,3,intermediate,false
415,37b7aed3-d207-54f7-b4ec-0e05c50eaeb2,6,beginner,false
416,37b7aed3-d207-54f7-b4ec-0e05c50eaeb2,133,beginner,false
417,1dd6da2f-292d-52b5-8e0e-a84885e81ba1,137,intermediate,false
418,1dd6da2f-292d-52b5-8e0e-a84885e81ba1,138,intermediate,false
419,1dd6da2f-292d-52b5-8e0e-a84885e81ba1,140,beginner,false
420,f1fb49f6-8f16-5086-a3b3-1c5e169f9ad4,143,advanced,false
421,f1fb49f6-8f16-5086-a3b3-1c5e169f9ad4,9,intermediate,false
422,adfbbf3c-5175-5e0a-bf98-b8854f2081c2,137,advanced,false
423,adfbbf3c-5175-5e0a-bf98-b8854f2081c2,29,intermediate,false
424,20b63262-d3e6-555a-95b2-84fc87694a19,9,intermediate,false
425,20b63262-d3e6-555a-95b2-84fc87694a19,10,intermediate,false
426,605985c4-d18d-54b0-829f-2a199ea5c81d,9,intermediate,false
427,605985c4-d18d-54b0-829f-2a199ea5c81d,142,intermediate,false
428,605985c4-d18d-54b0-829f-2a199ea5c81d,143,beginner,false
429,9355c2cf-38db-5118-9b77-3d5b5b3870df,9,advanced,false
430,9355c2cf-38db-5118-9b77-3d5b5b3870df,27,intermediate,false
431,9355c2cf-38db-5118-9b77-3d5b5b3870df,136,beginner,false
432,fd96bbd1-5601-5c99-a1e2-04b09168b35e,5,intermediate,false
433,fd96bbd1-5601-5c99-a1e2-04b09168b35e,3,intermediate,false
434,fd96bbd1-5601-5c99-a1e2-04b09168b35e,6,beginner,false
435,fd96bbd1-5601-5c99-a1e2-04b09168b35e,133,beginner,false
436,cb162f3d-006f-544e-bfa6-f9abb8a52026,137,beginner,false
437,cb162f3d-006f-544e-bfa6-f9abb8a52026,138,beginner,false
438,cb162f3d-006f-544e-bfa6-f9abb8a52026,139,beginner,false
439,43a3bb15-e7a6-5c42-a198-3e0d7f080ba1,143,intermediate,false
440,43a3bb15-e7a6-5c42-a198-3e0d7f080ba1,9,intermediate,false
441,43a3bb15-e7a6-5c42-a198-3e0d7f080ba1,19,beginner,false
442,7bdf8ad6-1318-5f74-9112-e2b655e215a2,134,advanced,false
443,7bdf8ad6-1318-5f74-9112-e2b655e215a2,138,intermediate,false
444,7bdf8ad6-1318-5f74-9112-e2b655e215a2,148,beginner,false
445,368442e7-2dfe-5df4-9ab7-a468b984050a,9,intermediate,false
446,368442e7-2dfe-5df4-9ab7-a468b984050a,19,intermediate,false
447,4c310820-12d3-5128-9a45-973db446b59e,9,intermediate,false
448,4c310820-12d3-5128-9a45-973db446b59e,142,intermediate,false
449,651ce25b-8132-52d9-8f74-889f22c3bb5c,9,intermediate,false
450,651ce25b-8132-52d9-8f74-889f22c3bb5c,27,intermediate,false
451,651ce25b-8132-52d9-8f74-889f22c3bb5c,137,beginner,false
452,53f78f7e-e2df-586b-b483-5748c92d0f9f,5,beginner,false
453,53f78f7e-e2df-586b-b483-5748c92d0f9f,3,beginner,false
454,a60d0128-bffa-5d2d-9915-36693e6bc3ba,4,beginner,false
455,a60d0128-bffa-5d2d-9915-36693e6bc3ba,5,beginner,false
456,a60d0128-bffa-5d2d-9915-36693e6bc3ba,8,beginner,false
457,a60d0128-bffa-5d2d-9915-36693e6bc3ba,133,beginner,false
458,458287c3-1628-5e26-8930-0d88ae11ce1a,145,intermediate,false
459,458287c3-1628-5e26-8930-0d88ae11ce1a,146,intermediate,false
460,458287c3-1628-5e26-8930-0d88ae11ce1a,133,beginner,false
461,e3efd234-c7f9-5957-937f-661b1c3981ef,134,advanced,false
462,e3efd234-c7f9-5957-937f-661b1c3981ef,138,intermediate,false
463,e3efd234-c7f9-5957-937f-661b1c3981ef,148,beginner,false
464,e3efd234-c7f9-5957-937f-661b1c3981ef,5,beginner,false
465,f0ca4141-ccff-5472-ba76-f4b194108c7b,9,beginner,false
466,f0ca4141-ccff-5472-ba76-f4b194108c7b,19,beginner,false
467,f0ca4141-ccff-5472-ba76-f4b194108c7b,135,beginner,false
468,54561bf4-fe37-5b37-934d-9c7f81542f8b,9,intermediate,false
469,54561bf4-fe37-5b37-934d-9c7f81542f8b,142,intermediate,false
470,54561bf4-fe37-5b37-934d-9c7f81542f8b,133,beginner,false
471,f8f213c7-3d61-567e-9735-5e3e9498b892,147,intermediate,false
472,f8f213c7-3d61-567e-9735-5e3e9498b892,136,intermediate,false
473,9cba29b2-e169-54f3-9d61-1d5013f80312,134,beginner,false
474,9cba29b2-e169-54f3-9d61-1d5013f80312,29,beginner,false
475,9cba29b2-e169-54f3-9d61-1d5013f80312,9,beginner,false
476,8300625d-d3f5-5264-8503-98a2bfbf60d8,4,intermediate,false
477,8300625d-d3f5-5264-8503-98a2bfbf60d8,5,intermediate,false
478,8300625d-d3f5-5264-8503-98a2bfbf60d8,8,beginner,false
479,e747fee0-a84b-5f51-98a3-7481903c9023,145,intermediate,false
480,e747fee0-a84b-5f51-98a3-7481903c9023,146,intermediate,false
481,e747fee0-a84b-5f51-98a3-7481903c9023,133,beginner,false
482,ac9c9500-b7e4-5bbe-8f4e-a40a6201979a,134,beginner,false
483,ac9c9500-b7e4-5bbe-8f4e-a40a6201979a,138,beginner,false
484,ac9c9500-b7e4-5bbe-8f4e-a40a6201979a,148,beginner,false
485,8ecc0792-3789-53b2-a26e-fc6daa886eb7,140,beginner,false
486,8ecc0792-3789-53b2-a26e-fc6daa886eb7,141,beginner,false
487,8ecc0792-3789-53b2-a26e-fc6daa886eb7,4,beginner,false
488,5ce94e6e-a987-5fd1-90b2-94a1174f9376,19,beginner,false
489,5ce94e6e-a987-5fd1-90b2-94a1174f9376,20,beginner,false
490,ec6d706d-7dba-534b-8700-e6752dbd06e1,147,advanced,false
491,ec6d706d-7dba-534b-8700-e6752dbd06e1,136,intermediate,false
492,ec6d706d-7dba-534b-8700-e6752dbd06e1,31,beginner,false
493,eeeb9e89-042f-5fdc-8fcf-2c3ad56f9bf1,134,advanced,false
494,eeeb9e89-042f-5fdc-8fcf-2c3ad56f9bf1,29,intermediate,false
495,d767d4bb-a2aa-587a-90f9-23d0689ae52a,4,beginner,false
496,d767d4bb-a2aa-587a-90f9-23d0689ae52a,5,beginner,false
497,d767d4bb-a2aa-587a-90f9-23d0689ae52a,9,beginner,false
498,0b532307-3033-5baf-b61c-915d1213c01f,137,beginner,false
499,0b532307-3033-5baf-b61c-915d1213c01f,29,beginner,false
500,0b532307-3033-5baf-b61c-915d1213c01f,135,beginner,false
501,77c684c4-9514-5edc-85ff-1052c8544c14,9,beginner,false
502,77c684c4-9514-5edc-85ff-1052c8544c14,10,beginner,false
503,77c684c4-9514-5edc-85ff-1052c8544c14,20,beginner,false
504,77c684c4-9514-5edc-85ff-1052c8544c14,133,beginner,false
505,a070c6d0-c23b-5036-b352-f16db0d6ec8e,140,intermediate,false
506,a070c6d0-c23b-5036-b352-f16db0d6ec8e,141,intermediate,false
507,405fd522-6b0d-52fc-b397-dc3ce2e4a2ea,19,intermediate,false
508,405fd522-6b0d-52fc-b397-dc3ce2e4a2ea,20,intermediate,false
509,405fd522-6b0d-52fc-b397-dc3ce2e4a2ea,21,beginner,false
510,405fd522-6b0d-52fc-b397-dc3ce2e4a2ea,145,beginner,false
511,d2a70bca-a25c-522f-9b7e-c967b69503cc,147,intermediate,false
512,d2a70bca-a25c-522f-9b7e-c967b69503cc,136,intermediate,false
513,d2a70bca-a25c-522f-9b7e-c967b69503cc,31,beginner,false
514,bf54d417-d834-5d3e-a7f9-106377fe05a5,137,intermediate,false
515,bf54d417-d834-5d3e-a7f9-106377fe05a5,138,intermediate,false
516,af808cd8-ab34-515f-a8a0-a1b0719a537b,143,beginner,false
517,af808cd8-ab34-515f-a8a0-a1b0719a537b,9,beginner,false
518,0da68170-ff38-5dad-9224-770d261f1c8a,137,beginner,false
519,0da68170-ff38-5dad-9224-770d261f1c8a,29,beginner,false
520,0da68170-ff38-5dad-9224-770d261f1c8a,147,beginner,false
521,f985b68e-39ae-5c83-8468-2b126802c414,9,intermediate,false
522,f985b68e-39ae-5c83-8468-2b126802c414,10,intermediate,false
523,f21481e8-5bf3-5aa6-a7e0-fe6e26920e28,140,intermediate,false
524,f21481e8-5bf3-5aa6-a7e0-fe6e26920e28,141,intermediate,false
525,f21481e8-5bf3-5aa6-a7e0-fe6e26920e28,134,beginner,false
526,34046d1a-c67e-5a81-b9d5-47dd4840c4fe,9,intermediate,false
527,34046d1a-c67e-5a81-b9d5-47dd4840c4fe,27,intermediate,false
528,34046d1a-c67e-5a81-b9d5-47dd4840c4fe,136,beginner,false
529,90cced0e-f2c7-528c-bd28-38c44ead6c98,5,advanced,false
530,90cced0e-f2c7-528c-bd28-38c44ead6c98,3,intermediate,false
531,90cced0e-f2c7-528c-bd28-38c44ead6c98,6,beginner,false
532,90cced0e-f2c7-528c-bd28-38c44ead6c98,9,beginner,false
533,eb3717c1-cd92-5eeb-af40-9df7f3132426,137,beginner,false
534,eb3717c1-cd92-5eeb-af40-9df7f3132426,138,beginner,false
535,eb3717c1-cd92-5eeb-af40-9df7f3132426,139,beginner,false
536,9b2e34a9-6722-598e-a857-e346acd294bf,143,intermediate,false
537,9b2e34a9-6722-598e-a857-e346acd294bf,9,intermediate,false
538,9b2e34a9-6722-598e-a857-e346acd294bf,144,beginner,false
539,96dbbdad-601e-5bc2-9d1a-78f9f6349a39,137,intermediate,false
540,96dbbdad-601e-5bc2-9d1a-78f9f6349a39,29,intermediate,false
541,96dbbdad-601e-5bc2-9d1a-78f9f6349a39,135,beginner,false
542,e1f9b739-b2d3-51e6-9609-05805a6d151c,9,intermediate,false
543,e1f9b739-b2d3-51e6-9609-05805a6d151c,19,intermediate,false
544,e1f9b739-b2d3-51e6-9609-05805a6d151c,137,beginner,false
545,341a0cef-f4a9-53ee-8980-229dc154ff4e,9,advanced,false
546,341a0cef-f4a9-53ee-8980-229dc154ff4e,142,intermediate,false
547,1b1e4344-fde4-5cc2-b82c-4fb458696522,9,intermediate,false
548,1b1e4344-fde4-5cc2-b82c-4fb458696522,27,intermediate,false
549,484e243b-afd7-5767-bb0f-4262c0334aea,5,intermediate,false
550,484e243b-afd7-5767-bb0f-4262c0334aea,3,intermediate,false
551,d5dc7189-89df-5fd7-983f-1124b6de3d68,137,intermediate,false
552,d5dc7189-89df-5fd7-983f-1124b6de3d68,138,intermediate,false
553,d5dc7189-89df-5fd7-983f-1124b6de3d68,140,beginner,false
554,ffe47fd1-7989-5728-addd-50b504edd889,145,intermediate,false
555,ffe47fd1-7989-5728-addd-50b504edd889,146,intermediate,false
556,ffe47fd1-7989-5728-addd-50b504edd889,133,beginner,false
557,ef763ec1-f93c-5744-9640-4ca59adf9347,134,advanced,false
558,ef763ec1-f93c-5744-9640-4ca59adf9347,138,intermediate,false
559,ef763ec1-f93c-5744-9640-4ca59adf9347,148,beginner,false
560,20b4182c-90f7-51da-99e8-97ade4d19a92,9,advanced,false
561,20b4182c-90f7-51da-99e8-97ade4d19a92,19,intermediate,false
562,2e2e8079-6c9e-51c9-bc7e-1475045fd514,9,beginner,false
563,2e2e8079-6c9e-51c9-bc7e-1475045fd514,142,beginner,false
564,2e2e8079-6c9e-51c9-bc7e-1475045fd514,133,beginner,false
565,2e2e8079-6c9e-51c9-bc7e-1475045fd514,143,beginner,false
566,673e8617-3280-5bfa-85a6-738a6d64aac6,9,advanced,false
567,673e8617-3280-5bfa-85a6-738a6d64aac6,27,intermediate,false
568,673e8617-3280-5bfa-85a6-738a6d64aac6,136,beginner,false
569,a53c485b-a35c-51fb-84a5-364207ce0adb,134,advanced,false
570,a53c485b-a35c-51fb-84a5-364207ce0adb,29,intermediate,false
571,a53c485b-a35c-51fb-84a5-364207ce0adb,7,beginner,false
572,da462241-608b-5422-bdbd-0d98184a433d,4,beginner,false
573,da462241-608b-5422-bdbd-0d98184a433d,5,beginner,false
574,da462241-608b-5422-bdbd-0d98184a433d,8,beginner,false
575,10feece1-a2cd-532b-8488-21659a3bee22,145,beginner,false
576,10feece1-a2cd-532b-8488-21659a3bee22,146,beginner,false
577,10feece1-a2cd-532b-8488-21659a3bee22,133,beginner,false
578,10feece1-a2cd-532b-8488-21659a3bee22,11,beginner,false
579,10feece1-a2cd-532b-8488-21659a3bee22,9,beginner,false
580,1062abbb-4fcd-51a9-95fc-5474e4af7640,134,beginner,false
581,1062abbb-4fcd-51a9-95fc-5474e4af7640,138,beginner,false
582,1062abbb-4fcd-51a9-95fc-5474e4af7640,148,beginner,false
583,44f09dba-7a20-5f46-840b-4670e6c7eb92,9,beginner,false
584,44f09dba-7a20-5f46-840b-4670e6c7eb92,19,beginner,false
585,44f09dba-7a20-5f46-840b-4670e6c7eb92,135,beginner,false
586,44f09dba-7a20-5f46-840b-4670e6c7eb92,136,beginner,false
587,a0a53b38-722a-56e6-a52c-fe0e06169a59,19,advanced,false
588,a0a53b38-722a-56e6-a52c-fe0e06169a59,20,intermediate,false
589,a0a53b38-722a-56e6-a52c-fe0e06169a59,21,beginner,false
590,a0a53b38-722a-56e6-a52c-fe0e06169a59,137,beginner,false
591,9a026691-28ff-5880-9da3-006735af19d3,147,intermediate,false
592,9a026691-28ff-5880-9da3-006735af19d3,136,intermediate,false
593,9a026691-28ff-5880-9da3-006735af19d3,134,beginner,false
594,5421f79d-ed60-5eed-852b-01b379adab9e,134,intermediate,false
595,5421f79d-ed60-5eed-852b-01b379adab9e,29,intermediate,false
596,45abfe15-6e8d-57cf-bda3-b7ae2b5c0bc7,4,advanced,false
597,45abfe15-6e8d-57cf-bda3-b7ae2b5c0bc7,5,intermediate,false
598,45abfe15-6e8d-57cf-bda3-b7ae2b5c0bc7,8,beginner,false
599,45abfe15-6e8d-57cf-bda3-b7ae2b5c0bc7,133,beginner,false
600,bdc5faf6-386d-5338-99a0-32d156bcbd68,145,advanced,false
601,bdc5faf6-386d-5338-99a0-32d156bcbd68,146,intermediate,false
602,508d03e7-de84-523a-8242-f48abc9451d7,9,advanced,false
603,508d03e7-de84-523a-8242-f48abc9451d7,10,intermediate,false
604,508d03e7-de84-523a-8242-f48abc9451d7,20,beginner,false
605,508d03e7-de84-523a-8242-f48abc9451d7,133,beginner,false
606,508d03e7-de84-523a-8242-f48abc9451d7,134,beginner,false
607,51420309-4688-52d6-84b9-51c0dc3a900e,140,beginner,false
608,51420309-4688-52d6-84b9-51c0dc3a900e,141,beginner,false
609,51420309-4688-52d6-84b9-51c0dc3a900e,134,beginner,false
610,7624f38b-fbca-546f-af04-c9dda9318f82,19,intermediate,false
611,7624f38b-fbca-546f-af04-c9dda9318f82,20,intermediate,false
612,33d87513-60c2-51ff-9ec5-f0f1389ed27e,147,intermediate,false
613,33d87513-60c2-51ff-9ec5-f0f1389ed27e,136,intermediate,false
614,33d87513-60c2-51ff-9ec5-f0f1389ed27e,31,beginner,false
615,3b932376-f549-5a1c-a24b-664b4bc338e3,134,intermediate,false
616,3b932376-f549-5a1c-a24b-664b4bc338e3,29,intermediate,false
617,3b932376-f549-5a1c-a24b-664b4bc338e3,7,beginner,false
618,3b932376-f549-5a1c-a24b-664b4bc338e3,9,beginner,false
619,e137404e-9196-525c-b17a-44dc96d29f29,143,intermediate,false
620,e137404e-9196-525c-b17a-44dc96d29f29,9,intermediate,false
621,e137404e-9196-525c-b17a-44dc96d29f29,144,beginner,false
622,e137404e-9196-525c-b17a-44dc96d29f29,23,beginner,false
623,3bc3e38a-5ff7-5330-ab2d-8add18e85d57,137,intermediate,false
624,3bc3e38a-5ff7-5330-ab2d-8add18e85d57,29,intermediate,false
625,b39a9d3d-f3eb-5d31-9cc7-15e278969b70,9,intermediate,false
626,b39a9d3d-f3eb-5d31-9cc7-15e278969b70,10,intermediate,false
627,b39a9d3d-f3eb-5d31-9cc7-15e278969b70,20,beginner,false
628,610e9654-06d6-5e55-959b-377b8749b8f9,140,intermediate,false
629,610e9654-06d6-5e55-959b-377b8749b8f9,141,intermediate,false
630,610e9654-06d6-5e55-959b-377b8749b8f9,4,beginner,false
631,6cf4bb40-4d81-5eb3-b9d9-5841cd55724e,19,advanced,false
632,6cf4bb40-4d81-5eb3-b9d9-5841cd55724e,20,intermediate,false
633,6cf4bb40-4d81-5eb3-b9d9-5841cd55724e,21,beginner,false
634,6cf4bb40-4d81-5eb3-b9d9-5841cd55724e,137,beginner,false
635,cd8c4c60-ab9b-5cf3-996e-d4fbb990f4c6,5,intermediate,false
636,cd8c4c60-ab9b-5cf3-996e-d4fbb990f4c6,3,intermediate,false
637,cd8c4c60-ab9b-5cf3-996e-d4fbb990f4c6,6,beginner,false
638,878bb7d9-5569-5efb-bbd1-5e39d62d594d,137,intermediate,false
639,878bb7d9-5569-5efb-bbd1-5e39d62d594d,138,intermediate,false
640,878bb7d9-5569-5efb-bbd1-5e39d62d594d,139,beginner,false
641,ea7edc0e-b64d-545f-b311-b4ee943f2935,143,intermediate,false
642,ea7edc0e-b64d-545f-b311-b4ee943f2935,9,intermediate,false
643,ea7edc0e-b64d-545f-b311-b4ee943f2935,19,beginner,false
644,6ecf180b-be59-594c-a33b-31bd0120f01f,137,intermediate,false
645,6ecf180b-be59-594c-a33b-31bd0120f01f,29,intermediate,false
646,6ecf180b-be59-594c-a33b-31bd0120f01f,135,beginner,false
647,693ebb02-ab3f-5d60-b798-d4d4df4900d2,9,intermediate,false
648,693ebb02-ab3f-5d60-b798-d4d4df4900d2,10,intermediate,false
649,096499d2-73d6-5063-9dd4-a7c1aebac61d,9,advanced,false
650,096499d2-73d6-5063-9dd4-a7c1aebac61d,142,intermediate,false
651,096499d2-73d6-5063-9dd4-a7c1aebac61d,133,beginner,false
652,64609795-d498-5ea7-ad33-a3bcecf9d962,9,beginner,false
653,64609795-d498-5ea7-ad33-a3bcecf9d962,27,beginner,false
654,64609795-d498-5ea7-ad33-a3bcecf9d962,137,beginner,false
655,9d1c460b-bd0b-57ff-ac14-f2b10f73edd3,5,intermediate,false
656,9d1c460b-bd0b-57ff-ac14-f2b10f73edd3,3,intermediate,false
657,63fdd1e3-9db3-5b05-9799-510eea6abab7,137,advanced,false
658,63fdd1e3-9db3-5b05-9799-510eea6abab7,138,intermediate,false
659,4ec67eb8-4fda-5cbc-bbd1-a6afc7ce8130,143,intermediate,false
660,4ec67eb8-4fda-5cbc-bbd1-a6afc7ce8130,9,intermediate,false
661,4ec67eb8-4fda-5cbc-bbd1-a6afc7ce8130,144,beginner,false
662,4ec67eb8-4fda-5cbc-bbd1-a6afc7ce8130,23,beginner,false
663,44a33563-638c-52da-ae01-285f43dfcb99,134,advanced,false
664,44a33563-638c-52da-ae01-285f43dfcb99,138,intermediate,false
665,44a33563-638c-52da-ae01-285f43dfcb99,148,beginner,false
666,44a33563-638c-52da-ae01-285f43dfcb99,5,beginner,false
667,02bf8d95-eee4-5287-b363-0551cc4a6d51,9,advanced,false
668,02bf8d95-eee4-5287-b363-0551cc4a6d51,19,intermediate,false
669,02bf8d95-eee4-5287-b363-0551cc4a6d51,135,beginner,false
670,02bf8d95-eee4-5287-b363-0551cc4a6d51,136,beginner,false
671,58074159-53d7-5a52-8436-d84a05af35a9,9,intermediate,false
672,58074159-53d7-5a52-8436-d84a05af35a9,142,intermediate,false
673,d9aaa9eb-5304-587b-b0f4-42a2d5930f54,9,intermediate,false
674,d9aaa9eb-5304-587b-b0f4-42a2d5930f54,27,intermediate,false
675,d9aaa9eb-5304-587b-b0f4-42a2d5930f54,136,beginner,false
676,4307ee18-2e16-50be-abbc-db160bb8e8fd,5,intermediate,false
677,4307ee18-2e16-50be-abbc-db160bb8e8fd,3,intermediate,false
678,4307ee18-2e16-50be-abbc-db160bb8e8fd,6,beginner,false
679,4307ee18-2e16-50be-abbc-db160bb8e8fd,133,beginner,false
680,4307ee18-2e16-50be-abbc-db160bb8e8fd,9,beginner,false
681,49a9d8f7-08ea-5972-af3a-0ca0a6c06e59,4,intermediate,false
682,49a9d8f7-08ea-5972-af3a-0ca0a6c06e59,5,intermediate,false
683,49a9d8f7-08ea-5972-af3a-0ca0a6c06e59,8,beginner,false
684,e7c63421-97d2-555e-9731-46cb0f04f637,145,intermediate,false
685,e7c63421-97d2-555e-9731-46cb0f04f637,146,intermediate,false
686,e7c63421-97d2-555e-9731-46cb0f04f637,133,beginner,false
687,e7c63421-97d2-555e-9731-46cb0f04f637,11,beginner,false
688,b897da16-1a55-5740-8129-7d502e6f44b8,134,intermediate,false
689,b897da16-1a55-5740-8129-7d502e6f44b8,138,intermediate,false
690,facb4557-eabe-5f8b-89cc-f223b91c89b7,9,intermediate,false
691,facb4557-eabe-5f8b-89cc-f223b91c89b7,19,intermediate,false
692,facb4557-eabe-5f8b-89cc-f223b91c89b7,135,beginner,false
693,facb4557-eabe-5f8b-89cc-f223b91c89b7,136,beginner,false
694,facb4557-eabe-5f8b-89cc-f223b91c89b7,137,beginner,false
695,0e992dba-f631-52d1-b7e3-76faec77c33f,9,intermediate,false
696,0e992dba-f631-52d1-b7e3-76faec77c33f,142,intermediate,false
697,0e992dba-f631-52d1-b7e3-76faec77c33f,133,beginner,false
698,473b12ab-4d0d-5b7f-89b2-c0a1e2405c60,147,intermediate,false
699,473b12ab-4d0d-5b7f-89b2-c0a1e2405c60,136,intermediate,false
700,473b12ab-4d0d-5b7f-89b2-c0a1e2405c60,31,beginner,false
701,88820056-e901-59a1-b2ca-c4e813b34f7b,134,intermediate,false
702,88820056-e901-59a1-b2ca-c4e813b34f7b,29,intermediate,false
703,6720265f-9f2b-5485-bf24-54e1784991b6,4,advanced,false
704,6720265f-9f2b-5485-bf24-54e1784991b6,5,intermediate,false
705,6720265f-9f2b-5485-bf24-54e1784991b6,8,beginner,false
706,6720265f-9f2b-5485-bf24-54e1784991b6,9,beginner,false
707,fbdfefdb-ca2d-5a0e-87ed-62021c1c11d4,145,intermediate,false
708,fbdfefdb-ca2d-5a0e-87ed-62021c1c11d4,146,intermediate,false
709,8fa5b823-1a70-59f7-9bb2-b3d5f36dc82b,134,intermediate,false
710,8fa5b823-1a70-59f7-9bb2-b3d5f36dc82b,138,intermediate,false
711,f6e8344b-87f4-5461-93fc-b01ff1ae4265,140,intermediate,false
712,f6e8344b-87f4-5461-93fc-b01ff1ae4265,141,intermediate,false
713,0bd9c807-50b6-567b-befe-96c80ed2fc9d,19,intermediate,false
714,0bd9c807-50b6-567b-befe-96c80ed2fc9d,20,intermediate,false
715,0bd9c807-50b6-567b-befe-96c80ed2fc9d,21,beginner,false
716,0bd9c807-50b6-567b-befe-96c80ed2fc9d,137,beginner,false
717,0bd9c807-50b6-567b-befe-96c80ed2fc9d,145,beginner,false
718,c6286e16-5e03-594c-aa67-861b8ba91b33,147,beginner,false
719,c6286e16-5e03-594c-aa67-861b8ba91b33,136,beginner,false
720,c6286e16-5e03-594c-aa67-861b8ba91b33,31,beginner,false
721,fb400c3e-ecd0-522e-8b8e-1323946be71a,134,intermediate,false
722,fb400c3e-ecd0-522e-8b8e-1323946be71a,29,intermediate,false
723,373cd20e-25d5-5a46-a0ae-18157cf68a55,4,beginner,false
724,373cd20e-25d5-5a46-a0ae-18157cf68a55,5,beginner,false
725,373cd20e-25d5-5a46-a0ae-18157cf68a55,8,beginner,false
726,b5be680a-732e-55e0-bc5d-b80e831ff33a,137,intermediate,false
727,b5be680a-732e-55e0-bc5d-b80e831ff33a,29,intermediate,false
728,b5be680a-732e-55e0-bc5d-b80e831ff33a,135,beginner,false
729,b5be680a-732e-55e0-bc5d-b80e831ff33a,147,beginner,false
730,40120057-c43a-5745-9d3a-d9b0c6b1e84e,9,advanced,false
731,40120057-c43a-5745-9d3a-d9b0c6b1e84e,10,intermediate,false
732,40120057-c43a-5745-9d3a-d9b0c6b1e84e,20,beginner,false
733,6d9d0917-bda8-5863-abe4-92d14b0cc926,140,intermediate,false
734,6d9d0917-bda8-5863-abe4-92d14b0cc926,141,intermediate,false
735,6ac5a7a4-ae0d-5e31-8a7c-d85b63a96c46,19,intermediate,false
736,6ac5a7a4-ae0d-5e31-8a7c-d85b63a96c46,20,intermediate,false
737,cac67f41-f5af-5268-9e2d-34feac0dc9fa,147,intermediate,false
738,cac67f41-f5af-5268-9e2d-34feac0dc9fa,136,intermediate,false
739,cac67f41-f5af-5268-9e2d-34feac0dc9fa,31,beginner,false
740,cac67f41-f5af-5268-9e2d-34feac0dc9fa,134,beginner,false
741,518ae987-15f7-5b22-8bcc-df59623dbdce,137,advanced,false
742,518ae987-15f7-5b22-8bcc-df59623dbdce,138,intermediate,false
743,518ae987-15f7-5b22-8bcc-df59623dbdce,139,beginner,false
744,b7180518-4b5b-54ef-9060-958212d05ab7,143,beginner,false
745,b7180518-4b5b-54ef-9060-958212d05ab7,9,beginner,false
746,b7180518-4b5b-54ef-9060-958212d05ab7,144,beginner,false
747,b7180518-4b5b-54ef-9060-958212d05ab7,23,beginner,false
748,3d0f3e54-413b-5a89-bc88-8cb0e7246b97,137,beginner,false
749,3d0f3e54-413b-5a89-bc88-8cb0e7246b97,29,beginner,false
750,3d0f3e54-413b-5a89-bc88-8cb0e7246b97,135,beginner,false
751,f4793612-bd5c-52c4-b29e-226fe28a77ca,9,intermediate,false
752,f4793612-bd5c-52c4-b29e-226fe28a77ca,10,intermediate,false
753,f4793612-bd5c-52c4-b29e-226fe28a77ca,20,beginner,false
754,f4793612-bd5c-52c4-b29e-226fe28a77ca,133,beginner,false
755,f4793612-bd5c-52c4-b29e-226fe28a77ca,134,beginner,false
756,3d5b480d-3962-5c76-96ca-5459d65372aa,140,advanced,false
757,3d5b480d-3962-5c76-96ca-5459d65372aa,141,intermediate,false
758,d6b81cb4-a299-5894-baa5-463cb63679a3,9,intermediate,false
759,d6b81cb4-a299-5894-baa5-463cb63679a3,27,intermediate,false
760,d6b81cb4-a299-5894-baa5-463cb63679a3,136,beginner,false
761,06657aeb-b604-5b0d-9281-d2e5afb78a9d,5,intermediate,false
762,06657aeb-b604-5b0d-9281-d2e5afb78a9d,3,intermediate,false
763,06657aeb-b604-5b0d-9281-d2e5afb78a9d,6,beginner,false
764,06657aeb-b604-5b0d-9281-d2e5afb78a9d,133,beginner,false
765,b7f1d97d-9f3c-5885-b9ef-48d67a16a686,137,intermediate,false
766,b7f1d97d-9f3c-5885-b9ef-48d67a16a686,138,intermediate,false
767,b7f1d97d-9f3c-5885-b9ef-48d67a16a686,140,beginner,false
768,d3175e63-6121-5d55-b429-df91670d9aca,143,intermediate,false
769,d3175e63-6121-5d55-b429-df91670d9aca,9,intermediate,false
770,7b359533-e634-59eb-a2c3-b5501ff96488,137,intermediate,false
771,7b359533-e634-59eb-a2c3-b5501ff96488,29,intermediate,false
772,7b359533-e634-59eb-a2c3-b5501ff96488,135,beginner,false
773,9047d24d-0775-5f10-bf17-6e8fc62c5884,9,intermediate,false
774,9047d24d-0775-5f10-bf17-6e8fc62c5884,19,intermediate,false
775,9047d24d-0775-5f10-bf17-6e8fc62c5884,135,beginner,false
776,9047d24d-0775-5f10-bf17-6e8fc62c5884,136,beginner,false
777,85df6dcd-e42a-581f-802b-eb93568b74eb,9,intermediate,false
778,85df6dcd-e42a-581f-802b-eb93568b74eb,142,intermediate,false
779,85df6dcd-e42a-581f-802b-eb93568b74eb,143,beginner,false
780,d16e3cdc-2868-563d-867d-62fa9b8b24ea,9,advanced,false
781,d16e3cdc-2868-563d-867d-62fa9b8b24ea,27,intermediate,false
782,35e87bcc-650c-5e3f-9741-3f0c54905b6f,5,intermediate,false
783,35e87bcc-650c-5e3f-9741-3f0c54905b6f,3,intermediate,false
784,61347d09-09eb-5f04-a4ec-fe830319799f,137,intermediate,false
785,61347d09-09eb-5f04-a4ec-fe830319799f,138,intermediate,false
786,61347d09-09eb-5f04-a4ec-fe830319799f,139,beginner,false
787,1bf86e3f-0e6e-5241-b319-71005237945f,145,intermediate,false
788,1bf86e3f-0e6e-5241-b319-71005237945f,146,intermediate,false
789,1bf86e3f-0e6e-5241-b319-71005237945f,133,beginner,false
790,1bf86e3f-0e6e-5241-b319-71005237945f,11,beginner,false
791,1bf86e3f-0e6e-5241-b319-71005237945f,9,beginner,false
792,7298015b-9105-595a-b879-3013c08053f7,134,intermediate,false
793,7298015b-9105-595a-b879-3013c08053f7,138,intermediate,false
794,5c465a9a-bc36-5d7b-b5a2-0f18d9dab68a,9,intermediate,false
795,5c465a9a-bc36-5d7b-b5a2-0f18d9dab68a,19,intermediate,false
796,5c465a9a-bc36-5d7b-b5a2-0f18d9dab68a,135,beginner,false
797,e7dd6cb0-626e-510a-9e98-0498c534b04d,9,advanced,false
798,e7dd6cb0-626e-510a-9e98-0498c534b04d,142,intermediate,false
799,5532dec3-02ae-5ac3-8b57-2e8214a8598b,9,intermediate,false
800,5532dec3-02ae-5ac3-8b57-2e8214a8598b,27,intermediate,false
801,5532dec3-02ae-5ac3-8b57-2e8214a8598b,136,beginner,false
802,5532dec3-02ae-5ac3-8b57-2e8214a8598b,137,beginner,false
803,0947c4b9-50d6-50e2-9043-84a15b80e8c7,134,intermediate,false
804,0947c4b9-50d6-50e2-9043-84a15b80e8c7,29,intermediate,false
805,82a5c89c-0b3a-58b9-9259-837a5348a5c2,4,intermediate,false
806,82a5c89c-0b3a-58b9-9259-837a5348a5c2,5,intermediate,false
807,82a5c89c-0b3a-58b9-9259-837a5348a5c2,8,beginner,false
808,82a5c89c-0b3a-58b9-9259-837a5348a5c2,133,beginner,false
809,729fe171-fa0d-547e-b374-39bd19f4c645,145,advanced,false
810,729fe171-fa0d-547e-b374-39bd19f4c645,146,intermediate,false
811,67357d35-e727-50a5-9114-d5f2da172374,134,intermediate,false
812,67357d35-e727-50a5-9114-d5f2da172374,138,intermediate,false
813,67357d35-e727-50a5-9114-d5f2da172374,148,beginner,false
814,67357d35-e727-50a5-9114-d5f2da172374,5,beginner,false
815,01c00e49-c4d6-5d4b-bbc1-8aa3fe21ba2a,9,intermediate,false
816,01c00e49-c4d6-5d4b-bbc1-8aa3fe21ba2a,19,intermediate,false
817,01c00e49-c4d6-5d4b-bbc1-8aa3fe21ba2a,135,beginner,false
818,1873645b-b54c-51dc-a41a-7131e831a64f,19,intermediate,false
819,1873645b-b54c-51dc-a41a-7131e831a64f,20,intermediate,false
820,9edec740-5de6-5c27-8233-5cf72946b182,147,advanced,false
821,9edec740-5de6-5c27-8233-5cf72946b182,136,intermediate,false
822,6988340a-a3c1-5fda-a996-711f1723c649,134,intermediate,false
823,6988340a-a3c1-5fda-a996-711f1723c649,29,intermediate,false
824,6988340a-a3c1-5fda-a996-711f1723c649,7,beginner,false
825,6988340a-a3c1-5fda-a996-711f1723c649,9,beginner,false
826,783491ec-2857-52e8-a102-766d7abba6d2,4,advanced,false
827,783491ec-2857-52e8-a102-766d7abba6d2,5,intermediate,false
828,e21dfd78-ea9f-5754-a3b2-3b3b66dd30b5,145,intermediate,false
829,e21dfd78-ea9f-5754-a3b2-3b3b66dd30b5,146,intermediate,false
830,e21dfd78-ea9f-5754-a3b2-3b3b66dd30b5,133,beginner,false
831,e21dfd78-ea9f-5754-a3b2-3b3b66dd30b5,11,beginner,false
