id,user_id,badge_id,earned_at
159,e502b694-466f-5e1f-9293-146b264ae20c,12,2026-06-01T07:27:00+00:00
160,eb397f92-99ac-5f0f-8f81-3540865f0477,12,2026-06-05T07:38:00+00:00
161,7bdf8ad6-1318-5f74-9112-e2b655e215a2,12,2026-06-06T07:21:00+00:00
162,96dbbdad-601e-5bc2-9d1a-78f9f6349a39,12,2026-06-07T07:18:00+00:00
163,e137404e-9196-525c-b17a-44dc96d29f29,12,2026-06-07T07:44:00+00:00
164,64609795-d498-5ea7-ad33-a3bcecf9d962,12,2026-06-13T07:18:00+00:00
165,d5dc7189-89df-5fd7-983f-1124b6de3d68,12,2026-06-13T07:23:00+00:00
166,4c310820-12d3-5128-9a45-973db446b59e,12,2026-06-14T07:23:00+00:00
167,9047d24d-0775-5f10-bf17-6e8fc62c5884,12,2026-06-15T07:20:00+00:00
168,02bf8d95-eee4-5287-b363-0551cc4a6d51,12,2026-06-15T07:23:00+00:00
169,d16e3cdc-2868-563d-867d-62fa9b8b24ea,12,2026-06-16T07:22:00+00:00
170,50d6350f-ffd4-59ad-a1ff-65a49a77a913,12,2026-06-19T07:16:00+00:00
171,77c684c4-9514-5edc-85ff-1052c8544c14,12,2026-06-22T07:42:00+00:00
172,610e9654-06d6-5e55-959b-377b8749b8f9,12,2026-06-23T07:10:00+00:00
173,c6286e16-5e03-594c-aa67-861b8ba91b33,12,2026-06-25T07:39:00+00:00
174,1b1e4344-fde4-5cc2-b82c-4fb458696522,12,2026-06-27T07:21:00+00:00
175,f0f4eb8c-a1ed-50a1-bc7d-2863700a31a5,4,2026-06-28T02:30:00+00:00
176,4ec67eb8-4fda-5cbc-bbd1-a6afc7ce8130,4,2026-06-28T02:30:00+00:00
177,1bc15434-bc22-56cc-a890-336efd2a11e5,4,2026-06-28T03:30:00+00:00
178,77c684c4-9514-5edc-85ff-1052c8544c14,4,2026-06-28T06:30:00+00:00
179,dfe9e449-d177-56af-a679-d3e1c78c5c02,4,2026-06-28T06:30:00+00:00
180,96ccee9a-30f2-56cd-b597-a927c84e0f75,4,2026-06-28T07:30:00+00:00
181,cb162f3d-006f-544e-bfa6-f9abb8a52026,4,2026-06-28T10:30:00+00:00
182,eb3717c1-cd92-5eeb-af40-9df7f3132426,4,2026-06-28T10:30:00+00:00
183,f4793612-bd5c-52c4-b29e-226fe28a77ca,4,2026-06-28T11:30:00+00:00
184,3425797b-5c54-5f3a-9a34-9cedb0dc5b84,4,2026-06-28T14:30:00+00:00
185,eeeb9e89-042f-5fdc-8fcf-2c3ad56f9bf1,4,2026-06-28T14:30:00+00:00
186,d48cab4b-e48b-59ae-88d6-41d5d463569d,4,2026-06-28T15:30:00+00:00
187,90cced0e-f2c7-528c-bd28-38c44ead6c98,4,2026-06-28T18:30:00+00:00
188,88a268b0-6bca-5583-b041-ffdbc51be7e6,4,2026-06-28T18:30:00+00:00
189,2e2e8079-6c9e-51c9-bc7e-1475045fd514,4,2026-06-30T04:30:00+00:00
190,5ccdaadc-80b2-50e1-a0c1-bad0246a7cf2,4,2026-06-30T08:30:00+00:00
191,001e944b-e64e-5742-afb7-5e04327e41ee,4,2026-06-30T12:30:00+00:00
192,b39a9d3d-f3eb-5d31-9cc7-15e278969b70,4,2026-06-30T13:30:00+00:00
193,35e87bcc-650c-5e3f-9741-3f0c54905b6f,4,2026-06-30T20:30:00+00:00
194,b7180518-4b5b-54ef-9060-958212d05ab7,4,2026-07-01T01:30:00+00:00
195,6988340a-a3c1-5fda-a996-711f1723c649,4,2026-07-01T05:30:00+00:00
196,a2cc3818-be31-5aeb-828c-e23f579431aa,12,2026-07-01T07:25:00+00:00
197,a2cc3818-be31-5aeb-828c-e23f579431aa,4,2026-07-01T17:30:00+00:00
198,6ab0c42d-0ad5-5b3d-9c6c-4ab9eaa47586,4,2026-07-01T21:30:00+00:00
199,eb397f92-99ac-5f0f-8f81-3540865f0477,4,2026-07-02T01:30:00+00:00
200,facb4557-eabe-5f8b-89cc-f223b91c89b7,4,2026-07-02T05:30:00+00:00
201,43a3bb15-e7a6-5c42-a198-3e0d7f080ba1,4,2026-07-02T05:30:00+00:00
202,fb400c3e-ecd0-522e-8b8e-1323946be71a,4,2026-07-02T13:30:00+00:00
203,1767869f-381f-59b9-acac-01da2d539e40,4,2026-07-02T19:30:00+00:00
204,88820056-e901-59a1-b2ca-c4e813b34f7b,4,2026-07-02T23:30:00+00:00
205,f0f4eb8c-a1ed-50a1-bc7d-2863700a31a5,5,2026-07-03T02:30:00+00:00
206,f0f4eb8c-a1ed-50a1-bc7d-2863700a31a5,7,2026-07-03T02:30:00+00:00
207,77c684c4-9514-5edc-85ff-1052c8544c14,7,2026-07-03T02:30:00+00:00
208,cb162f3d-006f-544e-bfa6-f9abb8a52026,7,2026-07-03T02:30:00+00:00
209,3425797b-5c54-5f3a-9a34-9cedb0dc5b84,7,2026-07-03T02:30:00+00:00
210,90cced0e-f2c7-528c-bd28-38c44ead6c98,7,2026-07-03T02:30:00+00:00
211,b7f1d97d-9f3c-5885-b9ef-48d67a16a686,4,2026-07-03T03:30:00+00:00
212,1bc15434-bc22-56cc-a890-336efd2a11e5,5,2026-07-03T03:30:00+00:00
213,1bc15434-bc22-56cc-a890-336efd2a11e5,7,2026-07-03T03:30:00+00:00
214,96ccee9a-30f2-56cd-b597-a927c84e0f75,7,2026-07-03T03:30:00+00:00
215,f4793612-bd5c-52c4-b29e-226fe28a77ca,7,2026-07-03T03:30:00+00:00
216,d48cab4b-e48b-59ae-88d6-41d5d463569d,7,2026-07-03T03:30:00+00:00
217,61347d09-09eb-5f04-a4ec-fe830319799f,4,2026-07-03T07:30:00+00:00
218,19e81afb-74c1-5b4a-9af3-469f3b610235,4,2026-07-03T19:30:00+00:00
219,20b63262-d3e6-555a-95b2-84fc87694a19,4,2026-07-03T22:30:00+00:00
220,d5dc7189-89df-5fd7-983f-1124b6de3d68,4,2026-07-04T02:30:00+00:00
221,77c684c4-9514-5edc-85ff-1052c8544c14,5,2026-07-04T03:30:00+00:00
222,77c684c4-9514-5edc-85ff-1052c8544c14,14,2026-07-04T03:30:00+00:00
223,96ccee9a-30f2-56cd-b597-a927c84e0f75,5,2026-07-04T04:30:00+00:00
224,f22a7317-9c2b-5d13-99b9-1a1622094bb3,4,2026-07-04T14:30:00+00:00
225,cd8c4c60-ab9b-5cf3-996e-d4fbb990f4c6,4,2026-07-04T18:30:00+00:00
226,d9fbcbde-376a-5f82-9fb5-268a24b02d57,4,2026-07-05T02:30:00+00:00
227,cb162f3d-006f-544e-bfa6-f9abb8a52026,5,2026-07-05T04:30:00+00:00
228,2e2e8079-6c9e-51c9-bc7e-1475045fd514,5,2026-07-05T04:30:00+00:00
229,2e2e8079-6c9e-51c9-bc7e-1475045fd514,7,2026-07-05T04:30:00+00:00
230,5ccdaadc-80b2-50e1-a0c1-bad0246a7cf2,7,2026-07-05T04:30:00+00:00
231,001e944b-e64e-5742-afb7-5e04327e41ee,7,2026-07-05T04:30:00+00:00
232,35e87bcc-650c-5e3f-9741-3f0c54905b6f,7,2026-07-05T04:30:00+00:00
233,f4793612-bd5c-52c4-b29e-226fe28a77ca,5,2026-07-05T05:30:00+00:00
234,693ebb02-ab3f-5d60-b798-d4d4df4900d2,4,2026-07-05T06:30:00+00:00
235,5ccdaadc-80b2-50e1-a0c1-bad0246a7cf2,5,2026-07-06T05:30:00+00:00
236,d48cab4b-e48b-59ae-88d6-41d5d463569d,5,2026-07-06T06:30:00+00:00
237,2e2e8079-6c9e-51c9-bc7e-1475045fd514,12,2026-07-06T07:27:00+00:00
238,2e2e8079-6c9e-51c9-bc7e-1475045fd514,14,2026-07-06T07:27:00+00:00
239,a2cc3818-be31-5aeb-828c-e23f579431aa,7,2026-07-06T17:30:00+00:00
240,6ab0c42d-0ad5-5b3d-9c6c-4ab9eaa47586,7,2026-07-06T17:30:00+00:00
241,eb397f92-99ac-5f0f-8f81-3540865f0477,7,2026-07-06T17:30:00+00:00
242,facb4557-eabe-5f8b-89cc-f223b91c89b7,7,2026-07-06T17:30:00+00:00
243,88a268b0-6bca-5583-b041-ffdbc51be7e6,7,2026-07-06T17:30:00+00:00
244,6ac5a7a4-ae0d-5e31-8a7c-d85b63a96c46,4,2026-07-06T18:30:00+00:00
245,a0a53b38-722a-56e6-a52c-fe0e06169a59,4,2026-07-06T22:30:00+00:00
246,0bd9c807-50b6-567b-befe-96c80ed2fc9d,4,2026-07-07T02:30:00+00:00
247,43a3bb15-e7a6-5c42-a198-3e0d7f080ba1,7,2026-07-07T05:30:00+00:00
248,fb400c3e-ecd0-522e-8b8e-1323946be71a,7,2026-07-07T05:30:00+00:00
249,bb4b0d34-59a4-5948-a9be-a1aa6caece55,4,2026-07-07T06:30:00+00:00
250,001e944b-e64e-5742-afb7-5e04327e41ee,5,2026-07-07T06:30:00+00:00
251,7e6a1243-34f5-52e6-862f-e5f3b2ebe640,12,2026-07-07T07:36:00+00:00
252,6ab0c42d-0ad5-5b3d-9c6c-4ab9eaa47586,5,2026-07-07T18:30:00+00:00
253,1767869f-381f-59b9-acac-01da2d539e40,5,2026-07-07T19:30:00+00:00
254,1767869f-381f-59b9-acac-01da2d539e40,7,2026-07-07T19:30:00+00:00
255,88820056-e901-59a1-b2ca-c4e813b34f7b,7,2026-07-07T19:30:00+00:00
256,b7f1d97d-9f3c-5885-b9ef-48d67a16a686,7,2026-07-07T19:30:00+00:00
257,61347d09-09eb-5f04-a4ec-fe830319799f,7,2026-07-07T19:30:00+00:00
258,4ec67eb8-4fda-5cbc-bbd1-a6afc7ce8130,7,2026-07-07T19:30:00+00:00
259,54561bf4-fe37-5b37-934d-9c7f81542f8b,4,2026-07-08T09:30:00+00:00
260,6e82bb3e-ede8-5803-ba1a-cc3aa8766199,4,2026-07-08T17:30:00+00:00
261,88820056-e901-59a1-b2ca-c4e813b34f7b,5,2026-07-08T20:30:00+00:00
262,20b63262-d3e6-555a-95b2-84fc87694a19,5,2026-07-08T22:30:00+00:00
263,20b63262-d3e6-555a-95b2-84fc87694a19,7,2026-07-08T22:30:00+00:00
264,d5dc7189-89df-5fd7-983f-1124b6de3d68,7,2026-07-08T22:30:00+00:00
265,35e87bcc-650c-5e3f-9741-3f0c54905b6f,5,2026-07-09T08:30:00+00:00
266,f22a7317-9c2b-5d13-99b9-1a1622094bb3,5,2026-07-09T14:30:00+00:00
267,f22a7317-9c2b-5d13-99b9-1a1622094bb3,7,2026-07-09T14:30:00+00:00
268,cd8c4c60-ab9b-5cf3-996e-d4fbb990f4c6,7,2026-07-09T14:30:00+00:00
269,a60d0128-bffa-5d2d-9915-36693e6bc3ba,4,2026-07-09T19:30:00+00:00
270,facb4557-eabe-5f8b-89cc-f223b91c89b7,5,2026-07-09T20:30:00+00:00
271,b7f1d97d-9f3c-5885-b9ef-48d67a16a686,5,2026-07-09T21:30:00+00:00
272,d5dc7189-89df-5fd7-983f-1124b6de3d68,5,2026-07-09T23:30:00+00:00
273,605985c4-d18d-54b0-829f-2a199ea5c81d,4,2026-07-09T23:30:00+00:00
274,7bdf8ad6-1318-5f74-9112-e2b655e215a2,4,2026-07-10T00:30:00+00:00
275,d9fbcbde-376a-5f82-9fb5-268a24b02d57,5,2026-07-10T02:30:00+00:00
276,d9fbcbde-376a-5f82-9fb5-268a24b02d57,7,2026-07-10T02:30:00+00:00
277,693ebb02-ab3f-5d60-b798-d4d4df4900d2,7,2026-07-10T02:30:00+00:00
278,eeeb9e89-042f-5fdc-8fcf-2c3ad56f9bf1,7,2026-07-10T02:30:00+00:00
279,85df6dcd-e42a-581f-802b-eb93568b74eb,4,2026-07-10T03:30:00+00:00
280,e7dd6cb0-626e-510a-9e98-0498c534b04d,4,2026-07-10T11:30:00+00:00
281,cd8c4c60-ab9b-5cf3-996e-d4fbb990f4c6,5,2026-07-10T15:30:00+00:00
282,8819cb55-67e6-5a55-98c8-d80446975a9e,4,2026-07-10T15:30:00+00:00
283,ae96d203-7a11-52ed-9e02-cd93c3dda603,4,2026-07-10T17:30:00+00:00
284,a53c485b-a35c-51fb-84a5-364207ce0adb,4,2026-07-10T21:30:00+00:00
285,61347d09-09eb-5f04-a4ec-fe830319799f,5,2026-07-10T22:30:00+00:00
286,bf54d417-d834-5d3e-a7f9-106377fe05a5,4,2026-07-11T02:30:00+00:00
287,693ebb02-ab3f-5d60-b798-d4d4df4900d2,5,2026-07-11T03:30:00+00:00
288,90cced0e-f2c7-528c-bd28-38c44ead6c98,5,2026-07-11T09:30:00+00:00
289,50de23a6-cd45-55ac-adb0-06d14b4ed8ce,4,2026-07-11T10:30:00+00:00
290,f985b68e-39ae-5c83-8468-2b126802c414,4,2026-07-11T14:30:00+00:00
291,610e9654-06d6-5e55-959b-377b8749b8f9,4,2026-07-11T18:30:00+00:00
292,a2cc3818-be31-5aeb-828c-e23f579431aa,5,2026-07-11T22:30:00+00:00
293,a2cc3818-be31-5aeb-828c-e23f579431aa,14,2026-07-11T22:30:00+00:00
294,4ec67eb8-4fda-5cbc-bbd1-a6afc7ce8130,5,2026-07-11T23:30:00+00:00
295,eeeb9e89-042f-5fdc-8fcf-2c3ad56f9bf1,5,2026-07-12T04:30:00+00:00
296,fb400c3e-ecd0-522e-8b8e-1323946be71a,5,2026-07-12T10:30:00+00:00
297,dfe9e449-d177-56af-a679-d3e1c78c5c02,12,2026-07-13T07:43:00+00:00
298,54561bf4-fe37-5b37-934d-9c7f81542f8b,5,2026-07-13T09:30:00+00:00
299,54561bf4-fe37-5b37-934d-9c7f81542f8b,7,2026-07-13T09:30:00+00:00
300,6e82bb3e-ede8-5803-ba1a-cc3aa8766199,7,2026-07-13T09:30:00+00:00
301,d5dc7189-89df-5fd7-983f-1124b6de3d68,14,2026-07-13T16:30:00+00:00
302,508d03e7-de84-523a-8242-f48abc9451d7,12,2026-07-14T07:39:00+00:00
303,a60d0128-bffa-5d2d-9915-36693e6bc3ba,5,2026-07-14T19:30:00+00:00
304,a60d0128-bffa-5d2d-9915-36693e6bc3ba,7,2026-07-14T19:30:00+00:00
305,605985c4-d18d-54b0-829f-2a199ea5c81d,7,2026-07-14T19:30:00+00:00
306,85df6dcd-e42a-581f-802b-eb93568b74eb,7,2026-07-14T19:30:00+00:00
307,e7dd6cb0-626e-510a-9e98-0498c534b04d,7,2026-07-14T19:30:00+00:00
308,8819cb55-67e6-5a55-98c8-d80446975a9e,7,2026-07-14T19:30:00+00:00
309,7bdf8ad6-1318-5f74-9112-e2b655e215a2,5,2026-07-15T00:30:00+00:00
310,7bdf8ad6-1318-5f74-9112-e2b655e215a2,14,2026-07-15T00:30:00+00:00
311,7bdf8ad6-1318-5f74-9112-e2b655e215a2,7,2026-07-15T00:30:00+00:00
312,6988340a-a3c1-5fda-a996-711f1723c649,7,2026-07-15T00:30:00+00:00
313,518ae987-15f7-5b22-8bcc-df59623dbdce,4,2026-07-15T02:30:00+00:00
314,f3744506-cae3-5f81-8a4f-506a60395be8,4,2026-07-15T02:30:00+00:00
315,1bc15434-bc22-56cc-a890-336efd2a11e5,8,2026-07-15T03:30:00+00:00
316,1bc15434-bc22-56cc-a890-336efd2a11e5,14,2026-07-15T03:30:00+00:00
317,96ccee9a-30f2-56cd-b597-a927c84e0f75,8,2026-07-15T03:30:00+00:00
318,96ccee9a-30f2-56cd-b597-a927c84e0f75,14,2026-07-15T03:30:00+00:00
319,f4793612-bd5c-52c4-b29e-226fe28a77ca,8,2026-07-15T03:30:00+00:00
320,f4793612-bd5c-52c4-b29e-226fe28a77ca,14,2026-07-15T03:30:00+00:00
321,d48cab4b-e48b-59ae-88d6-41d5d463569d,8,2026-07-15T03:30:00+00:00
322,d48cab4b-e48b-59ae-88d6-41d5d463569d,14,2026-07-15T03:30:00+00:00
323,3b932376-f549-5a1c-a24b-664b4bc338e3,4,2026-07-15T06:30:00+00:00
324,88820056-e901-59a1-b2ca-c4e813b34f7b,12,2026-07-15T07:33:00+00:00
325,88820056-e901-59a1-b2ca-c4e813b34f7b,14,2026-07-15T07:33:00+00:00
326,6e82bb3e-ede8-5803-ba1a-cc3aa8766199,5,2026-07-15T11:30:00+00:00
327,ae96d203-7a11-52ed-9e02-cd93c3dda603,5,2026-07-15T17:30:00+00:00
328,ae96d203-7a11-52ed-9e02-cd93c3dda603,7,2026-07-15T17:30:00+00:00
329,a53c485b-a35c-51fb-84a5-364207ce0adb,7,2026-07-15T17:30:00+00:00
330,605985c4-d18d-54b0-829f-2a199ea5c81d,5,2026-07-15T20:30:00+00:00
331,95927b04-f214-5c26-878d-fb55176e41bc,4,2026-07-15T23:30:00+00:00
332,f223e569-d735-5980-b77b-25d459e64a37,4,2026-07-16T07:30:00+00:00
333,a53c485b-a35c-51fb-84a5-364207ce0adb,5,2026-07-16T18:30:00+00:00
334,85df6dcd-e42a-581f-802b-eb93568b74eb,5,2026-07-16T21:30:00+00:00
335,d9fbcbde-376a-5f82-9fb5-268a24b02d57,8,2026-07-17T02:30:00+00:00
336,d9fbcbde-376a-5f82-9fb5-268a24b02d57,14,2026-07-17T02:30:00+00:00
337,693ebb02-ab3f-5d60-b798-d4d4df4900d2,8,2026-07-17T02:30:00+00:00
338,693ebb02-ab3f-5d60-b798-d4d4df4900d2,14,2026-07-17T02:30:00+00:00
339,eeeb9e89-042f-5fdc-8fcf-2c3ad56f9bf1,8,2026-07-17T02:30:00+00:00
340,eeeb9e89-042f-5fdc-8fcf-2c3ad56f9bf1,14,2026-07-17T02:30:00+00:00
341,90cced0e-f2c7-528c-bd28-38c44ead6c98,8,2026-07-17T02:30:00+00:00
342,90cced0e-f2c7-528c-bd28-38c44ead6c98,14,2026-07-17T02:30:00+00:00
343,f0f4eb8c-a1ed-50a1-bc7d-2863700a31a5,8,2026-07-17T02:30:00+00:00
344,f0f4eb8c-a1ed-50a1-bc7d-2863700a31a5,14,2026-07-17T02:30:00+00:00
345,77c684c4-9514-5edc-85ff-1052c8544c14,8,2026-07-17T02:30:00+00:00
346,cb162f3d-006f-544e-bfa6-f9abb8a52026,8,2026-07-17T02:30:00+00:00
347,cb162f3d-006f-544e-bfa6-f9abb8a52026,14,2026-07-17T02:30:00+00:00
348,3425797b-5c54-5f3a-9a34-9cedb0dc5b84,8,2026-07-17T02:30:00+00:00
349,e3efd234-c7f9-5957-937f-661b1c3981ef,4,2026-07-17T07:30:00+00:00
350,878bb7d9-5569-5efb-bbd1-5e39d62d594d,4,2026-07-17T11:30:00+00:00
351,9d1c460b-bd0b-57ff-ac14-f2b10f73edd3,4,2026-07-17T19:30:00+00:00
352,fd96bbd1-5601-5c99-a1e2-04b09168b35e,4,2026-07-18T05:30:00+00:00
353,e7dd6cb0-626e-510a-9e98-0498c534b04d,5,2026-07-18T23:30:00+00:00
354,2e2e8079-6c9e-51c9-bc7e-1475045fd514,8,2026-07-19T04:30:00+00:00
355,5ccdaadc-80b2-50e1-a0c1-bad0246a7cf2,8,2026-07-19T04:30:00+00:00
356,5ccdaadc-80b2-50e1-a0c1-bad0246a7cf2,14,2026-07-19T04:30:00+00:00
357,001e944b-e64e-5742-afb7-5e04327e41ee,8,2026-07-19T04:30:00+00:00
358,001e944b-e64e-5742-afb7-5e04327e41ee,14,2026-07-19T04:30:00+00:00
359,35e87bcc-650c-5e3f-9741-3f0c54905b6f,8,2026-07-19T04:30:00+00:00
360,35e87bcc-650c-5e3f-9741-3f0c54905b6f,14,2026-07-19T04:30:00+00:00
361,3d016498-e16a-5ad9-95c7-b633dfc6a142,4,2026-07-19T07:30:00+00:00
362,f3744506-cae3-5f81-8a4f-506a60395be8,7,2026-07-19T14:30:00+00:00
363,3b932376-f549-5a1c-a24b-664b4bc338e3,7,2026-07-19T14:30:00+00:00
364,40120057-c43a-5745-9d3a-d9b0c6b1e84e,4,2026-07-19T22:30:00+00:00
365,8819cb55-67e6-5a55-98c8-d80446975a9e,5,2026-07-20T00:30:00+00:00
366,4c310820-12d3-5128-9a45-973db446b59e,13,2026-07-20T07:23:00+00:00
367,4c310820-12d3-5128-9a45-973db446b59e,14,2026-07-20T07:23:00+00:00
368,95927b04-f214-5c26-878d-fb55176e41bc,5,2026-07-20T23:30:00+00:00
369,95927b04-f214-5c26-878d-fb55176e41bc,7,2026-07-20T23:30:00+00:00
370,518ae987-15f7-5b22-8bcc-df59623dbdce,7,2026-07-20T23:30:00+00:00
371,f223e569-d735-5980-b77b-25d459e64a37,7,2026-07-20T23:30:00+00:00
372,518ae987-15f7-5b22-8bcc-df59623dbdce,5,2026-07-22T00:30:00+00:00
373,e3efd234-c7f9-5957-937f-661b1c3981ef,7,2026-07-22T07:30:00+00:00
374,878bb7d9-5569-5efb-bbd1-5e39d62d594d,7,2026-07-22T07:30:00+00:00
375,9d1c460b-bd0b-57ff-ac14-f2b10f73edd3,7,2026-07-22T07:30:00+00:00
376,daa36188-60fd-56a2-938b-70b1b51084b0,9,2026-07-22T09:30:00+00:00
377,eb3717c1-cd92-5eeb-af40-9df7f3132426,7,2026-07-22T17:30:00+00:00
378,fd96bbd1-5601-5c99-a1e2-04b09168b35e,7,2026-07-22T17:30:00+00:00
379,f223e569-d735-5980-b77b-25d459e64a37,5,2026-07-23T01:30:00+00:00
380,4c2177ab-592a-5e4a-b25b-8bb3f8090555,9,2026-07-23T04:30:00+00:00
381,1767869f-381f-59b9-acac-01da2d539e40,8,2026-07-23T19:30:00+00:00
382,1767869f-381f-59b9-acac-01da2d539e40,14,2026-07-23T19:30:00+00:00
383,88820056-e901-59a1-b2ca-c4e813b34f7b,8,2026-07-23T19:30:00+00:00
384,b7f1d97d-9f3c-5885-b9ef-48d67a16a686,8,2026-07-23T19:30:00+00:00
385,b7f1d97d-9f3c-5885-b9ef-48d67a16a686,14,2026-07-23T19:30:00+00:00
386,61347d09-09eb-5f04-a4ec-fe830319799f,8,2026-07-23T19:30:00+00:00
387,61347d09-09eb-5f04-a4ec-fe830319799f,14,2026-07-23T19:30:00+00:00
388,4ec67eb8-4fda-5cbc-bbd1-a6afc7ce8130,8,2026-07-23T19:30:00+00:00
389,4ec67eb8-4fda-5cbc-bbd1-a6afc7ce8130,14,2026-07-23T19:30:00+00:00
390,3d016498-e16a-5ad9-95c7-b633dfc6a142,5,2026-07-24T07:30:00+00:00
391,3d016498-e16a-5ad9-95c7-b633dfc6a142,7,2026-07-24T07:30:00+00:00
392,f0f4eb8c-a1ed-50a1-bc7d-2863700a31a5,9,2026-07-24T08:30:00+00:00
393,8ecc0792-3789-53b2-a26e-fc6daa886eb7,11,2026-07-24T13:40:00+00:00
394,40120057-c43a-5745-9d3a-d9b0c6b1e84e,5,2026-07-24T22:30:00+00:00
395,40120057-c43a-5745-9d3a-d9b0c6b1e84e,7,2026-07-24T22:30:00+00:00
396,1dd6da2f-292d-52b5-8e0e-a84885e81ba1,4,2026-07-24T23:30:00+00:00
397,ffe47fd1-7989-5728-addd-50b504edd889,4,2026-07-25T03:30:00+00:00
398,d0c58825-6ead-50f6-9a07-f2f95dbb51ea,4,2026-07-25T03:30:00+00:00
399,373cd20e-25d5-5a46-a0ae-18157cf68a55,4,2026-07-25T04:30:00+00:00
400,729fe171-fa0d-547e-b374-39bd19f4c645,4,2026-07-25T07:30:00+00:00
401,0b532307-3033-5baf-b61c-915d1213c01f,4,2026-07-25T07:30:00+00:00
402,f22a7317-9c2b-5d13-99b9-1a1622094bb3,14,2026-07-25T11:30:00+00:00
403,4307ee18-2e16-50be-abbc-db160bb8e8fd,4,2026-07-25T11:30:00+00:00
404,37b7aed3-d207-54f7-b4ec-0e05c50eaeb2,4,2026-07-25T15:30:00+00:00
405,4966bb54-4d4f-5992-8586-1bd44991d17f,4,2026-07-25T16:30:00+00:00
406,4c2177ab-592a-5e4a-b25b-8bb3f8090555,4,2026-07-25T19:30:00+00:00
407,f1fb49f6-8f16-5086-a3b3-1c5e169f9ad4,9,2026-07-26T01:30:00+00:00
408,96ccee9a-30f2-56cd-b597-a927c84e0f75,9,2026-07-26T01:30:00+00:00
409,0947c4b9-50d6-50e2-9043-84a15b80e8c7,9,2026-07-26T02:30:00+00:00
410,5ccdaadc-80b2-50e1-a0c1-bad0246a7cf2,11,2026-07-26T06:40:00+00:00
411,518ae987-15f7-5b22-8bcc-df59623dbdce,9,2026-07-26T09:30:00+00:00
412,f22a7317-9c2b-5d13-99b9-1a1622094bb3,8,2026-07-26T14:30:00+00:00
413,cd8c4c60-ab9b-5cf3-996e-d4fbb990f4c6,8,2026-07-26T14:30:00+00:00
414,cd8c4c60-ab9b-5cf3-996e-d4fbb990f4c6,14,2026-07-26T14:30:00+00:00
415,1062abbb-4fcd-51a9-95fc-5474e4af7640,11,2026-07-26T14:40:00+00:00
416,9edec740-5de6-5c27-8233-5cf72946b182,4,2026-07-28T00:30:00+00:00
417,67357d35-e727-50a5-9114-d5f2da172374,4,2026-07-28T04:30:00+00:00
418,ef763ec1-f93c-5744-9640-4ca59adf9347,4,2026-07-28T08:30:00+00:00
419,54561bf4-fe37-5b37-934d-9c7f81542f8b,8,2026-07-28T09:30:00+00:00
420,54561bf4-fe37-5b37-934d-9c7f81542f8b,14,2026-07-28T09:30:00+00:00
421,6e82bb3e-ede8-5803-ba1a-cc3aa8766199,8,2026-07-28T09:30:00+00:00
422,6e82bb3e-ede8-5803-ba1a-cc3aa8766199,14,2026-07-28T09:30:00+00:00
423,8fa5b823-1a70-59f7-9bb2-b3d5f36dc82b,4,2026-07-28T12:30:00+00:00
424,20b63262-d3e6-555a-95b2-84fc87694a19,14,2026-07-28T16:30:00+00:00
425,20b4182c-90f7-51da-99e8-97ade4d19a92,4,2026-07-28T20:30:00+00:00
426,95927b04-f214-5c26-878d-fb55176e41bc,8,2026-07-28T23:30:00+00:00
427,95927b04-f214-5c26-878d-fb55176e41bc,14,2026-07-28T23:30:00+00:00
428,518ae987-15f7-5b22-8bcc-df59623dbdce,8,2026-07-28T23:30:00+00:00
429,518ae987-15f7-5b22-8bcc-df59623dbdce,14,2026-07-28T23:30:00+00:00
430,f223e569-d735-5980-b77b-25d459e64a37,8,2026-07-28T23:30:00+00:00
431,f223e569-d735-5980-b77b-25d459e64a37,14,2026-07-28T23:30:00+00:00
432,5421f79d-ed60-5eed-852b-01b379adab9e,4,2026-07-29T00:30:00+00:00
433,a36cd93c-2f0c-5956-9a51-8094e39a7bed,4,2026-07-29T01:30:00+00:00
434,783491ec-2857-52e8-a102-766d7abba6d2,4,2026-07-29T06:30:00+00:00
435,4845dc43-0c9d-5f09-aa4a-62e68abb5d12,4,2026-07-29T09:30:00+00:00
436,0e992dba-f631-52d1-b7e3-76faec77c33f,4,2026-07-29T10:30:00+00:00
437,1dd6da2f-292d-52b5-8e0e-a84885e81ba1,7,2026-07-29T19:30:00+00:00
438,ffe47fd1-7989-5728-addd-50b504edd889,7,2026-07-30T03:30:00+00:00
439,729fe171-fa0d-547e-b374-39bd19f4c645,7,2026-07-30T03:30:00+00:00
440,37b7aed3-d207-54f7-b4ec-0e05c50eaeb2,7,2026-07-30T03:30:00+00:00
441,4c2177ab-592a-5e4a-b25b-8bb3f8090555,7,2026-07-30T03:30:00+00:00
442,d0c58825-6ead-50f6-9a07-f2f95dbb51ea,7,2026-07-30T03:30:00+00:00
443,0b532307-3033-5baf-b61c-915d1213c01f,7,2026-07-30T03:30:00+00:00
444,4307ee18-2e16-50be-abbc-db160bb8e8fd,7,2026-07-30T03:30:00+00:00
445,77c684c4-9514-5edc-85ff-1052c8544c14,9,2026-07-30T03:30:00+00:00
446,20b63262-d3e6-555a-95b2-84fc87694a19,8,2026-07-30T22:30:00+00:00
447,d5dc7189-89df-5fd7-983f-1124b6de3d68,8,2026-07-30T22:30:00+00:00
448,20b63262-d3e6-555a-95b2-84fc87694a19,9,2026-07-31T01:30:00+00:00
449,729fe171-fa0d-547e-b374-39bd19f4c645,5,2026-07-31T04:30:00+00:00
450,0b532307-3033-5baf-b61c-915d1213c01f,5,2026-07-31T04:30:00+00:00
451,eb397f92-99ac-5f0f-8f81-3540865f0477,14,2026-07-31T07:38:00+00:00
452,7624f38b-fbca-546f-af04-c9dda9318f82,4,2026-07-31T22:30:00+00:00
453,508d03e7-de84-523a-8242-f48abc9451d7,4,2026-08-01T02:30:00+00:00
454,4307ee18-2e16-50be-abbc-db160bb8e8fd,5,2026-08-01T05:30:00+00:00
455,eeeb9e89-042f-5fdc-8fcf-2c3ad56f9bf1,9,2026-08-01T05:30:00+00:00
456,878bb7d9-5569-5efb-bbd1-5e39d62d594d,5,2026-08-01T16:30:00+00:00
457,b39a9d3d-f3eb-5d31-9cc7-15e278969b70,7,2026-08-01T16:30:00+00:00
458,9edec740-5de6-5c27-8233-5cf72946b182,7,2026-08-02T00:30:00+00:00
459,67357d35-e727-50a5-9114-d5f2da172374,7,2026-08-02T00:30:00+00:00
460,ef763ec1-f93c-5744-9640-4ca59adf9347,7,2026-08-02T00:30:00+00:00
461,8fa5b823-1a70-59f7-9bb2-b3d5f36dc82b,7,2026-08-02T00:30:00+00:00
462,d9fbcbde-376a-5f82-9fb5-268a24b02d57,9,2026-08-02T04:30:00+00:00
463,6988340a-a3c1-5fda-a996-711f1723c649,9,2026-08-02T06:30:00+00:00
464,b5be680a-732e-55e0-bc5d-b80e831ff33a,12,2026-08-02T07:42:00+00:00
465,ae7ac442-d880-5cd8-bc30-8d21c5f7dc54,9,2026-08-03T00:30:00+00:00
466,a36cd93c-2f0c-5956-9a51-8094e39a7bed,7,2026-08-03T01:30:00+00:00
467,4845dc43-0c9d-5f09-aa4a-62e68abb5d12,7,2026-08-03T01:30:00+00:00
468,693ebb02-ab3f-5d60-b798-d4d4df4900d2,9,2026-08-03T02:30:00+00:00
469,33ba5d16-c38c-5bcf-9896-ea8ae81d6e7b,11,2026-08-03T05:40:00+00:00
470,783491ec-2857-52e8-a102-766d7abba6d2,7,2026-08-03T06:30:00+00:00
471,0e992dba-f631-52d1-b7e3-76faec77c33f,7,2026-08-03T06:30:00+00:00
472,b39a9d3d-f3eb-5d31-9cc7-15e278969b70,5,2026-08-03T18:30:00+00:00
473,ef763ec1-f93c-5744-9640-4ca59adf9347,5,2026-08-04T02:30:00+00:00
474,ae96d203-7a11-52ed-9e02-cd93c3dda603,8,2026-08-04T17:30:00+00:00
475,ae96d203-7a11-52ed-9e02-cd93c3dda603,14,2026-08-04T17:30:00+00:00
476,a53c485b-a35c-51fb-84a5-364207ce0adb,8,2026-08-04T17:30:00+00:00
477,a60d0128-bffa-5d2d-9915-36693e6bc3ba,8,2026-08-04T19:30:00+00:00
478,a60d0128-bffa-5d2d-9915-36693e6bc3ba,14,2026-08-04T19:30:00+00:00
479,605985c4-d18d-54b0-829f-2a199ea5c81d,8,2026-08-04T19:30:00+00:00
480,605985c4-d18d-54b0-829f-2a199ea5c81d,14,2026-08-04T19:30:00+00:00
481,85df6dcd-e42a-581f-802b-eb93568b74eb,8,2026-08-04T19:30:00+00:00
482,85df6dcd-e42a-581f-802b-eb93568b74eb,14,2026-08-04T19:30:00+00:00
483,e7dd6cb0-626e-510a-9e98-0498c534b04d,8,2026-08-04T19:30:00+00:00
484,e7dd6cb0-626e-510a-9e98-0498c534b04d,14,2026-08-04T19:30:00+00:00
485,8819cb55-67e6-5a55-98c8-d80446975a9e,8,2026-08-04T19:30:00+00:00
486,8819cb55-67e6-5a55-98c8-d80446975a9e,14,2026-08-04T19:30:00+00:00
487,3d016498-e16a-5ad9-95c7-b633dfc6a142,9,2026-08-05T01:30:00+00:00
488,3d016498-e16a-5ad9-95c7-b633dfc6a142,14,2026-08-05T01:30:00+00:00
489,4845dc43-0c9d-5f09-aa4a-62e68abb5d12,5,2026-08-05T03:30:00+00:00
490,783491ec-2857-52e8-a102-766d7abba6d2,5,2026-08-05T08:30:00+00:00
491,4307ee18-2e16-50be-abbc-db160bb8e8fd,9,2026-08-05T08:30:00+00:00
492,d3175e63-6121-5d55-b429-df91670d9aca,11,2026-08-05T13:40:00+00:00
493,82a5c89c-0b3a-58b9-9259-837a5348a5c2,11,2026-08-05T20:40:00+00:00
494,7624f38b-fbca-546f-af04-c9dda9318f82,7,2026-08-05T22:30:00+00:00
495,508d03e7-de84-523a-8242-f48abc9451d7,7,2026-08-05T22:30:00+00:00
496,f22a7317-9c2b-5d13-99b9-1a1622094bb3,11,2026-08-06T02:20:00+00:00
497,4307ee18-2e16-50be-abbc-db160bb8e8fd,14,2026-08-06T04:30:00+00:00
498,8300625d-d3f5-5264-8503-98a2bfbf60d8,11,2026-08-06T10:40:00+00:00
499,508d03e7-de84-523a-8242-f48abc9451d7,5,2026-08-06T23:30:00+00:00
500,508d03e7-de84-523a-8242-f48abc9451d7,14,2026-08-06T23:30:00+00:00
501,3d016498-e16a-5ad9-95c7-b633dfc6a142,8,2026-08-07T07:30:00+00:00
502,e747fee0-a84b-5f51-98a3-7481903c9023,4,2026-08-08T02:30:00+00:00
503,082b47e7-5a06-5a34-bd49-595c82b2b196,9,2026-08-08T03:30:00+00:00
504,508d03e7-de84-523a-8242-f48abc9451d7,9,2026-08-08T04:30:00+00:00
505,58074159-53d7-5a52-8436-d84a05af35a9,12,2026-08-08T07:24:00+00:00
506,6ab0c42d-0ad5-5b3d-9c6c-4ab9eaa47586,14,2026-08-08T07:45:00+00:00
507,484e243b-afd7-5767-bb0f-4262c0334aea,4,2026-08-08T14:30:00+00:00
508,50d6350f-ffd4-59ad-a1ff-65a49a77a913,4,2026-08-08T18:30:00+00:00
509,9cba29b2-e169-54f3-9d61-1d5013f80312,4,2026-08-08T22:30:00+00:00
510,f4b545d6-b6c0-54b8-847e-101d68428b48,9,2026-08-09T06:30:00+00:00
511,f223e569-d735-5980-b77b-25d459e64a37,9,2026-08-09T07:30:00+00:00
512,302b84f9-9053-5cf7-bed0-305678227875,4,2026-08-09T19:30:00+00:00
513,5421f79d-ed60-5eed-852b-01b379adab9e,5,2026-08-09T19:30:00+00:00
514,5421f79d-ed60-5eed-852b-01b379adab9e,7,2026-08-09T19:30:00+00:00
515,d767d4bb-a2aa-587a-90f9-23d0689ae52a,4,2026-08-09T23:30:00+00:00
516,51420309-4688-52d6-84b9-51c0dc3a900e,9,2026-08-11T01:30:00+00:00
517,d5dc7189-89df-5fd7-983f-1124b6de3d68,9,2026-08-11T02:30:00+00:00
518,001e944b-e64e-5742-afb7-5e04327e41ee,9,2026-08-11T02:30:00+00:00
519,bdc5faf6-386d-5338-99a0-32d156bcbd68,4,2026-08-11T04:30:00+00:00
520,f223e569-d735-5980-b77b-25d459e64a37,11,2026-08-11T06:00:00+00:00
521,6cf4bb40-4d81-5eb3-b9d9-5841cd55724e,11,2026-08-11T07:40:00+00:00
522,4845dc43-0c9d-5f09-aa4a-62e68abb5d12,11,2026-08-11T12:00:00+00:00
523,4845dc43-0c9d-5f09-aa4a-62e68abb5d12,14,2026-08-11T12:00:00+00:00
524,d9fbcbde-376a-5f82-9fb5-268a24b02d57,11,2026-08-11T14:00:00+00:00
525,4cf03b5a-e2ca-57f2-95b8-16a3b92247e6,4,2026-08-11T18:30:00+00:00
526,3d5b480d-3962-5c76-96ca-5459d65372aa,4,2026-08-12T02:30:00+00:00
527,50de23a6-cd45-55ac-adb0-06d14b4ed8ce,11,2026-08-12T03:40:00+00:00
528,06657aeb-b604-5b0d-9281-d2e5afb78a9d,4,2026-08-12T06:30:00+00:00
529,302b84f9-9053-5cf7-bed0-305678227875,12,2026-08-12T07:39:00+00:00
530,35e87bcc-650c-5e3f-9741-3f0c54905b6f,11,2026-08-12T09:20:00+00:00
531,51420309-4688-52d6-84b9-51c0dc3a900e,4,2026-08-12T10:30:00+00:00
532,da462241-608b-5422-bdbd-0d98184a433d,4,2026-08-12T18:30:00+00:00
533,e747fee0-a84b-5f51-98a3-7481903c9023,5,2026-08-13T02:30:00+00:00
534,e747fee0-a84b-5f51-98a3-7481903c9023,7,2026-08-13T02:30:00+00:00
535,bf54d417-d834-5d3e-a7f9-106377fe05a5,7,2026-08-13T02:30:00+00:00
536,484e243b-afd7-5767-bb0f-4262c0334aea,7,2026-08-13T02:30:00+00:00
537,50d6350f-ffd4-59ad-a1ff-65a49a77a913,7,2026-08-13T02:30:00+00:00
538,50d6350f-ffd4-59ad-a1ff-65a49a77a913,14,2026-08-13T02:30:00+00:00
539,9cba29b2-e169-54f3-9d61-1d5013f80312,7,2026-08-13T02:30:00+00:00
540,7624f38b-fbca-546f-af04-c9dda9318f82,5,2026-08-13T07:30:00+00:00
541,e0b64119-ecb0-52a5-852d-39c211ce337a,4,2026-08-13T15:30:00+00:00
542,1b1e4344-fde4-5cc2-b82c-4fb458696522,4,2026-08-13T19:30:00+00:00
543,96dbbdad-601e-5bc2-9d1a-78f9f6349a39,9,2026-08-14T05:30:00+00:00
544,96dbbdad-601e-5bc2-9d1a-78f9f6349a39,14,2026-08-14T05:30:00+00:00
545,baa8ef70-5b01-5a49-84cb-71c353290705,4,2026-08-14T15:30:00+00:00
546,5a4b137d-2ebb-5c75-8cdd-bf77406b4b9f,4,2026-08-14T19:30:00+00:00
547,7298015b-9105-595a-b879-3013c08053f7,4,2026-08-14T20:30:00+00:00
548,4307ee18-2e16-50be-abbc-db160bb8e8fd,11,2026-08-15T00:40:00+00:00
549,bf54d417-d834-5d3e-a7f9-106377fe05a5,5,2026-08-15T04:30:00+00:00
550,1873645b-b54c-51dc-a41a-7131e831a64f,11,2026-08-15T12:40:00+00:00
551,d2a70bca-a25c-522f-9b7e-c967b69503cc,4,2026-08-15T18:30:00+00:00
552,a992f17b-79b6-5dcf-aed4-2aebaa5775c7,4,2026-08-16T00:30:00+00:00
553,bdc5faf6-386d-5338-99a0-32d156bcbd68,7,2026-08-16T04:30:00+00:00
554,6690668c-e73d-51ff-9ca4-36bec9b8c175,4,2026-08-16T05:30:00+00:00
555,484e243b-afd7-5767-bb0f-4262c0334aea,5,2026-08-16T05:30:00+00:00
556,53f78f7e-e2df-586b-b483-5748c92d0f9f,4,2026-08-16T08:30:00+00:00
557,8300625d-d3f5-5264-8503-98a2bfbf60d8,4,2026-08-16T09:30:00+00:00
558,f8f213c7-3d61-567e-9735-5e3e9498b892,4,2026-08-16T10:30:00+00:00
559,0947c4b9-50d6-50e2-9043-84a15b80e8c7,4,2026-08-16T12:30:00+00:00
560,1873645b-b54c-51dc-a41a-7131e831a64f,4,2026-08-16T23:30:00+00:00
561,082b47e7-5a06-5a34-bd49-595c82b2b196,4,2026-08-17T01:30:00+00:00
562,3d5b480d-3962-5c76-96ca-5459d65372aa,5,2026-08-17T02:30:00+00:00
563,3d5b480d-3962-5c76-96ca-5459d65372aa,7,2026-08-17T02:30:00+00:00
564,06657aeb-b604-5b0d-9281-d2e5afb78a9d,7,2026-08-17T02:30:00+00:00
565,51420309-4688-52d6-84b9-51c0dc3a900e,7,2026-08-17T02:30:00+00:00
566,da462241-608b-5422-bdbd-0d98184a433d,7,2026-08-17T02:30:00+00:00
567,63fdd1e3-9db3-5b05-9799-510eea6abab7,4,2026-08-17T03:30:00+00:00
568,7624f38b-fbca-546f-af04-c9dda9318f82,14,2026-08-17T11:30:00+00:00
569,ae7ac442-d880-5cd8-bc30-8d21c5f7dc54,4,2026-08-17T15:30:00+00:00
570,06657aeb-b604-5b0d-9281-d2e5afb78a9d,5,2026-08-18T03:30:00+00:00
571,4307ee18-2e16-50be-abbc-db160bb8e8fd,12,2026-08-18T07:26:00+00:00
572,e0b64119-ecb0-52a5-852d-39c211ce337a,5,2026-08-18T15:30:00+00:00
573,e0b64119-ecb0-52a5-852d-39c211ce337a,7,2026-08-18T15:30:00+00:00
574,1b1e4344-fde4-5cc2-b82c-4fb458696522,7,2026-08-18T15:30:00+00:00
575,3bc3e38a-5ff7-5330-ab2d-8add18e85d57,4,2026-08-18T15:30:00+00:00
576,eb3717c1-cd92-5eeb-af40-9df7f3132426,5,2026-08-19T04:30:00+00:00
577,51420309-4688-52d6-84b9-51c0dc3a900e,5,2026-08-19T04:30:00+00:00
578,a53c485b-a35c-51fb-84a5-364207ce0adb,9,2026-08-19T07:30:00+00:00
579,a53c485b-a35c-51fb-84a5-364207ce0adb,14,2026-08-19T07:30:00+00:00
580,7f0221a7-4703-52e7-8b26-fa2cd7303c90,9,2026-08-19T08:30:00+00:00
581,baa8ef70-5b01-5a49-84cb-71c353290705,7,2026-08-19T15:30:00+00:00
582,5a4b137d-2ebb-5c75-8cdd-bf77406b4b9f,7,2026-08-19T15:30:00+00:00
583,7298015b-9105-595a-b879-3013c08053f7,5,2026-08-19T20:30:00+00:00
584,7298015b-9105-595a-b879-3013c08053f7,7,2026-08-19T20:30:00+00:00
585,fd96bbd1-5601-5c99-a1e2-04b09168b35e,9,2026-08-20T06:30:00+00:00
586,bdc5faf6-386d-5338-99a0-32d156bcbd68,5,2026-08-20T08:30:00+00:00
587,d2a70bca-a25c-522f-9b7e-c967b69503cc,7,2026-08-20T18:30:00+00:00
588,f8f213c7-3d61-567e-9735-5e3e9498b892,7,2026-08-20T18:30:00+00:00
589,a992f17b-79b6-5dcf-aed4-2aebaa5775c7,7,2026-08-21T00:30:00+00:00
590,53f78f7e-e2df-586b-b483-5748c92d0f9f,7,2026-08-21T00:30:00+00:00
591,0947c4b9-50d6-50e2-9043-84a15b80e8c7,7,2026-08-21T00:30:00+00:00
592,f3744506-cae3-5f81-8a4f-506a60395be8,9,2026-08-21T00:30:00+00:00
593,25797954-b022-582e-8349-e1e2c141368c,4,2026-08-21T03:30:00+00:00
594,6690668c-e73d-51ff-9ca4-36bec9b8c175,5,2026-08-21T05:30:00+00:00
595,6690668c-e73d-51ff-9ca4-36bec9b8c175,7,2026-08-21T05:30:00+00:00
596,8300625d-d3f5-5264-8503-98a2bfbf60d8,7,2026-08-21T05:30:00+00:00
597,da462241-608b-5422-bdbd-0d98184a433d,5,2026-08-21T06:30:00+00:00
598,52ab3a8f-ec5c-5e66-bcd5-efc304512118,12,2026-08-21T07:18:00+00:00
599,36016ab9-3cc9-5f6a-8bc7-1d138ad9cb43,4,2026-08-21T08:30:00+00:00
600,c6286e16-5e03-594c-aa67-861b8ba91b33,4,2026-08-21T12:30:00+00:00
601,1873645b-b54c-51dc-a41a-7131e831a64f,5,2026-08-21T23:30:00+00:00
602,1873645b-b54c-51dc-a41a-7131e831a64f,7,2026-08-21T23:30:00+00:00
603,1873645b-b54c-51dc-a41a-7131e831a64f,14,2026-08-21T23:30:00+00:00
604,63fdd1e3-9db3-5b05-9799-510eea6abab7,7,2026-08-21T23:30:00+00:00
605,ae7ac442-d880-5cd8-bc30-8d21c5f7dc54,7,2026-08-21T23:30:00+00:00
606,082b47e7-5a06-5a34-bd49-595c82b2b196,7,2026-08-22T01:30:00+00:00
607,082b47e7-5a06-5a34-bd49-595c82b2b196,14,2026-08-22T01:30:00+00:00
608,1b1e4344-fde4-5cc2-b82c-4fb458696522,14,2026-08-22T03:30:00+00:00
609,8300625d-d3f5-5264-8503-98a2bfbf60d8,5,2026-08-22T06:30:00+00:00
610,3425797b-5c54-5f3a-9a34-9cedb0dc5b84,14,2026-08-22T07:30:00+00:00
611,0da68170-ff38-5dad-9224-770d261f1c8a,4,2026-08-22T11:30:00+00:00
612,d16e3cdc-2868-563d-867d-62fa9b8b24ea,4,2026-08-22T19:30:00+00:00
613,53f78f7e-e2df-586b-b483-5748c92d0f9f,5,2026-08-23T02:30:00+00:00
614,45abfe15-6e8d-57cf-bda3-b7ae2b5c0bc7,4,2026-08-23T05:30:00+00:00
615,d9fbcbde-376a-5f82-9fb5-268a24b02d57,12,2026-08-23T07:10:00+00:00
616,9355c2cf-38db-5118-9b77-3d5b5b3870df,12,2026-08-23T07:17:00+00:00
617,d0c58825-6ead-50f6-9a07-f2f95dbb51ea,12,2026-08-23T07:27:00+00:00
618,d0c58825-6ead-50f6-9a07-f2f95dbb51ea,14,2026-08-23T07:27:00+00:00
619,a0a53b38-722a-56e6-a52c-fe0e06169a59,12,2026-08-23T07:34:00+00:00
620,405fd522-6b0d-52fc-b397-dc3ce2e4a2ea,12,2026-08-23T07:44:00+00:00
621,58074159-53d7-5a52-8436-d84a05af35a9,4,2026-08-23T09:30:00+00:00
622,ffe47fd1-7989-5728-addd-50b504edd889,11,2026-08-23T14:00:00+00:00
623,ffe47fd1-7989-5728-addd-50b504edd889,14,2026-08-23T14:00:00+00:00
624,d48cab4b-e48b-59ae-88d6-41d5d463569d,9,2026-08-24T05:30:00+00:00
625,3d5b480d-3962-5c76-96ca-5459d65372aa,12,2026-08-24T07:14:00+00:00
626,3d5b480d-3962-5c76-96ca-5459d65372aa,14,2026-08-24T07:14:00+00:00
627,5421f79d-ed60-5eed-852b-01b379adab9e,9,2026-08-24T07:30:00+00:00
628,5421f79d-ed60-5eed-852b-01b379adab9e,14,2026-08-24T07:30:00+00:00
629,4cf03b5a-e2ca-57f2-95b8-16a3b92247e6,12,2026-08-24T07:37:00+00:00
630,f6e8344b-87f4-5461-93fc-b01ff1ae4265,11,2026-08-24T08:40:00+00:00
631,878bb7d9-5569-5efb-bbd1-5e39d62d594d,8,2026-08-24T16:30:00+00:00
632,878bb7d9-5569-5efb-bbd1-5e39d62d594d,14,2026-08-24T16:30:00+00:00
633,b39a9d3d-f3eb-5d31-9cc7-15e278969b70,8,2026-08-24T16:30:00+00:00
634,b39a9d3d-f3eb-5d31-9cc7-15e278969b70,14,2026-08-24T16:30:00+00:00
635,a070c6d0-c23b-5036-b352-f16db0d6ec8e,4,2026-08-24T22:30:00+00:00
636,8fa5b823-1a70-59f7-9bb2-b3d5f36dc82b,5,2026-08-25T01:30:00+00:00
637,a992f17b-79b6-5dcf-aed4-2aebaa5775c7,5,2026-08-25T04:30:00+00:00
638,082b47e7-5a06-5a34-bd49-595c82b2b196,12,2026-08-25T07:31:00+00:00
639,45cee65b-db52-5dff-b09d-0ee1ac2be20f,12,2026-08-25T07:31:00+00:00
640,4c2177ab-592a-5e4a-b25b-8bb3f8090555,5,2026-08-25T18:30:00+00:00
641,da462241-608b-5422-bdbd-0d98184a433d,14,2026-08-25T20:30:00+00:00
642,88a268b0-6bca-5583-b041-ffdbc51be7e6,5,2026-08-25T22:30:00+00:00
643,88a268b0-6bca-5583-b041-ffdbc51be7e6,14,2026-08-25T23:30:00+00:00
644,610e9654-06d6-5e55-959b-377b8749b8f9,14,2026-08-25T23:30:00+00:00
645,610e9654-06d6-5e55-959b-377b8749b8f9,7,2026-08-25T23:30:00+00:00
646,25797954-b022-582e-8349-e1e2c141368c,7,2026-08-26T03:30:00+00:00
647,eb397f92-99ac-5f0f-8f81-3540865f0477,9,2026-08-26T07:30:00+00:00
648,36016ab9-3cc9-5f6a-8bc7-1d138ad9cb43,5,2026-08-26T08:30:00+00:00
649,36016ab9-3cc9-5f6a-8bc7-1d138ad9cb43,7,2026-08-26T08:30:00+00:00
650,c6286e16-5e03-594c-aa67-861b8ba91b33,7,2026-08-26T08:30:00+00:00
651,c6286e16-5e03-594c-aa67-861b8ba91b33,14,2026-08-26T08:30:00+00:00
652,1b1e4344-fde4-5cc2-b82c-4fb458696522,5,2026-08-27T03:30:00+00:00
653,0da68170-ff38-5dad-9224-770d261f1c8a,7,2026-08-27T03:30:00+00:00
654,d16e3cdc-2868-563d-867d-62fa9b8b24ea,7,2026-08-27T03:30:00+00:00
655,d16e3cdc-2868-563d-867d-62fa9b8b24ea,14,2026-08-27T03:30:00+00:00
656,daa36188-60fd-56a2-938b-70b1b51084b0,4,2026-08-27T05:30:00+00:00
657,4c2177ab-592a-5e4a-b25b-8bb3f8090555,14,2026-08-27T07:11:00+00:00
658,484e243b-afd7-5767-bb0f-4262c0334aea,9,2026-08-28T01:30:00+00:00
659,484e243b-afd7-5767-bb0f-4262c0334aea,14,2026-08-28T01:30:00+00:00
660,a36cd93c-2f0c-5956-9a51-8094e39a7bed,9,2026-08-28T03:30:00+00:00
661,45abfe15-6e8d-57cf-bda3-b7ae2b5c0bc7,5,2026-08-28T05:30:00+00:00
662,45abfe15-6e8d-57cf-bda3-b7ae2b5c0bc7,7,2026-08-28T05:30:00+00:00
663,58074159-53d7-5a52-8436-d84a05af35a9,7,2026-08-28T05:30:00+00:00
664,58074159-53d7-5a52-8436-d84a05af35a9,14,2026-08-28T05:30:00+00:00
665,fb400c3e-ecd0-522e-8b8e-1323946be71a,9,2026-08-28T05:30:00+00:00
666,fb400c3e-ecd0-522e-8b8e-1323946be71a,14,2026-08-28T05:30:00+00:00
667,0947c4b9-50d6-50e2-9043-84a15b80e8c7,5,2026-08-28T07:30:00+00:00
668,0947c4b9-50d6-50e2-9043-84a15b80e8c7,14,2026-08-28T07:30:00+00:00
669,7624f38b-fbca-546f-af04-c9dda9318f82,8,2026-08-28T07:30:00+00:00
670,88a268b0-6bca-5583-b041-ffdbc51be7e6,11,2026-08-28T08:00:00+00:00
671,484e243b-afd7-5767-bb0f-4262c0334aea,11,2026-08-28T08:00:00+00:00
672,8ecc0792-3789-53b2-a26e-fc6daa886eb7,4,2026-08-29T09:30:00+00:00
673,a070c6d0-c23b-5036-b352-f16db0d6ec8e,7,2026-08-29T18:30:00+00:00
674,54561bf4-fe37-5b37-934d-9c7f81542f8b,12,2026-08-30T07:30:00+00:00
675,d2a70bca-a25c-522f-9b7e-c967b69503cc,12,2026-08-30T07:45:00+00:00
676,d2a70bca-a25c-522f-9b7e-c967b69503cc,14,2026-08-30T07:45:00+00:00
677,b7180518-4b5b-54ef-9060-958212d05ab7,7,2026-08-30T19:30:00+00:00
678,e747fee0-a84b-5f51-98a3-7481903c9023,8,2026-08-31T02:30:00+00:00
679,e747fee0-a84b-5f51-98a3-7481903c9023,14,2026-08-31T02:30:00+00:00
680,508d03e7-de84-523a-8242-f48abc9451d7,8,2026-08-31T02:30:00+00:00
681,bf54d417-d834-5d3e-a7f9-106377fe05a5,8,2026-08-31T02:30:00+00:00
682,bf54d417-d834-5d3e-a7f9-106377fe05a5,14,2026-08-31T02:30:00+00:00
683,484e243b-afd7-5767-bb0f-4262c0334aea,8,2026-08-31T02:30:00+00:00
684,50d6350f-ffd4-59ad-a1ff-65a49a77a913,8,2026-08-31T02:30:00+00:00
685,9cba29b2-e169-54f3-9d61-1d5013f80312,8,2026-08-31T02:30:00+00:00
686,d16e3cdc-2868-563d-867d-62fa9b8b24ea,5,2026-08-31T07:30:00+00:00
687,25797954-b022-582e-8349-e1e2c141368c,5,2026-08-31T08:30:00+00:00
688,53f78f7e-e2df-586b-b483-5748c92d0f9f,14,2026-08-31T20:30:00+00:00
689,651ce25b-8132-52d9-8f74-889f22c3bb5c,4,2026-08-31T21:30:00+00:00
690,3a376c3a-3e46-5c8c-815c-232b66ca9bc8,4,2026-09-01T01:30:00+00:00
691,3d5b480d-3962-5c76-96ca-5459d65372aa,8,2026-09-01T02:30:00+00:00
692,06657aeb-b604-5b0d-9281-d2e5afb78a9d,8,2026-09-01T02:30:00+00:00
693,06657aeb-b604-5b0d-9281-d2e5afb78a9d,14,2026-09-01T02:30:00+00:00
694,51420309-4688-52d6-84b9-51c0dc3a900e,8,2026-09-01T02:30:00+00:00
695,51420309-4688-52d6-84b9-51c0dc3a900e,14,2026-09-01T02:30:00+00:00
696,da462241-608b-5422-bdbd-0d98184a433d,8,2026-09-01T02:30:00+00:00
697,b39a9d3d-f3eb-5d31-9cc7-15e278969b70,9,2026-09-01T06:30:00+00:00
698,a6b8342c-310b-5b88-9c07-602dbd646488,9,2026-09-02T02:30:00+00:00
699,d767d4bb-a2aa-587a-90f9-23d0689ae52a,11,2026-09-02T05:00:00+00:00
700,7298015b-9105-595a-b879-3013c08053f7,11,2026-09-02T06:00:00+00:00
701,7298015b-9105-595a-b879-3013c08053f7,14,2026-09-02T06:00:00+00:00
702,fd96bbd1-5601-5c99-a1e2-04b09168b35e,5,2026-09-02T22:30:00+00:00
703,88820056-e901-59a1-b2ca-c4e813b34f7b,9,2026-09-03T00:30:00+00:00
704,6690668c-e73d-51ff-9ca4-36bec9b8c175,8,2026-09-03T05:30:00+00:00
705,6690668c-e73d-51ff-9ca4-36bec9b8c175,14,2026-09-03T05:30:00+00:00
706,8300625d-d3f5-5264-8503-98a2bfbf60d8,8,2026-09-03T05:30:00+00:00
707,8300625d-d3f5-5264-8503-98a2bfbf60d8,14,2026-09-03T05:30:00+00:00
708,53f78f7e-e2df-586b-b483-5748c92d0f9f,8,2026-09-03T05:30:00+00:00
709,ae7ac442-d880-5cd8-bc30-8d21c5f7dc54,5,2026-09-03T05:30:00+00:00
710,ae7ac442-d880-5cd8-bc30-8d21c5f7dc54,14,2026-09-03T05:30:00+00:00
711,8ecc0792-3789-53b2-a26e-fc6daa886eb7,5,2026-09-03T09:30:00+00:00
712,8ecc0792-3789-53b2-a26e-fc6daa886eb7,7,2026-09-03T09:30:00+00:00
713,8ecc0792-3789-53b2-a26e-fc6daa886eb7,14,2026-09-03T09:30:00+00:00
714,3425797b-5c54-5f3a-9a34-9cedb0dc5b84,5,2026-09-03T10:30:00+00:00
715,bb4b0d34-59a4-5948-a9be-a1aa6caece55,7,2026-09-03T20:30:00+00:00
716,5ce94e6e-a987-5fd1-90b2-94a1174f9376,12,2026-09-04T07:37:00+00:00
717,6ab0c42d-0ad5-5b3d-9c6c-4ab9eaa47586,12,2026-09-04T07:45:00+00:00
718,651ce25b-8132-52d9-8f74-889f22c3bb5c,7,2026-09-05T21:30:00+00:00
719,3a376c3a-3e46-5c8c-815c-232b66ca9bc8,7,2026-09-05T21:30:00+00:00
720,9d1c460b-bd0b-57ff-ac14-f2b10f73edd3,5,2026-09-05T22:30:00+00:00
721,36016ab9-3cc9-5f6a-8bc7-1d138ad9cb43,14,2026-09-06T07:44:00+00:00
722,ef763ec1-f93c-5744-9640-4ca59adf9347,8,2026-09-06T17:30:00+00:00
723,ef763ec1-f93c-5744-9640-4ca59adf9347,14,2026-09-06T17:30:00+00:00
724,4c2177ab-592a-5e4a-b25b-8bb3f8090555,8,2026-09-06T17:30:00+00:00
725,63fdd1e3-9db3-5b05-9799-510eea6abab7,11,2026-09-07T09:00:00+00:00
726,84da666c-c47c-572e-b2c9-3b6f35881596,11,2026-09-08T10:00:00+00:00
727,651ce25b-8132-52d9-8f74-889f22c3bb5c,5,2026-09-10T01:30:00+00:00
728,3a376c3a-3e46-5c8c-815c-232b66ca9bc8,5,2026-09-11T02:30:00+00:00
729,eb3717c1-cd92-5eeb-af40-9df7f3132426,14,2026-09-11T07:16:00+00:00
730,e7dd6cb0-626e-510a-9e98-0498c534b04d,12,2026-09-11T07:28:00+00:00
731,e137404e-9196-525c-b17a-44dc96d29f29,14,2026-09-11T07:44:00+00:00
732,88a268b0-6bca-5583-b041-ffdbc51be7e6,8,2026-09-11T14:30:00+00:00
733,cb162f3d-006f-544e-bfa6-f9abb8a52026,9,2026-09-12T00:30:00+00:00
734,f985b68e-39ae-5c83-8468-2b126802c414,9,2026-09-12T01:30:00+00:00
735,44f09dba-7a20-5f46-840b-4670e6c7eb92,9,2026-09-12T07:30:00+00:00
736,6988340a-a3c1-5fda-a996-711f1723c649,14,2026-09-12T07:37:00+00:00
737,36016ab9-3cc9-5f6a-8bc7-1d138ad9cb43,12,2026-09-12T07:44:00+00:00
738,9a026691-28ff-5880-9da3-006735af19d3,11,2026-09-12T11:40:00+00:00
739,341a0cef-f4a9-53ee-8980-229dc154ff4e,11,2026-09-12T14:40:00+00:00
740,d6b81cb4-a299-5894-baa5-463cb63679a3,11,2026-09-12T18:00:00+00:00
741,bdc5faf6-386d-5338-99a0-32d156bcbd68,14,2026-09-13T07:38:00+00:00
742,3b932376-f549-5a1c-a24b-664b4bc338e3,9,2026-09-14T01:30:00+00:00
743,3b932376-f549-5a1c-a24b-664b4bc338e3,14,2026-09-14T01:30:00+00:00
744,d9fbcbde-376a-5f82-9fb5-268a24b02d57,13,2026-09-15T07:10:00+00:00
745,9355c2cf-38db-5118-9b77-3d5b5b3870df,13,2026-09-15T07:17:00+00:00
746,9355c2cf-38db-5118-9b77-3d5b5b3870df,14,2026-09-15T07:17:00+00:00
747,58074159-53d7-5a52-8436-d84a05af35a9,13,2026-09-15T07:24:00+00:00
748,d0c58825-6ead-50f6-9a07-f2f95dbb51ea,13,2026-09-15T07:27:00+00:00
749,a0a53b38-722a-56e6-a52c-fe0e06169a59,13,2026-09-15T07:34:00+00:00
750,a0a53b38-722a-56e6-a52c-fe0e06169a59,14,2026-09-15T07:34:00+00:00
751,405fd522-6b0d-52fc-b397-dc3ce2e4a2ea,13,2026-09-15T07:44:00+00:00
752,405fd522-6b0d-52fc-b397-dc3ce2e4a2ea,14,2026-09-15T07:44:00+00:00
753,3d5b480d-3962-5c76-96ca-5459d65372aa,13,2026-09-16T07:14:00+00:00
754,4cf03b5a-e2ca-57f2-95b8-16a3b92247e6,13,2026-09-16T07:37:00+00:00
755,4cf03b5a-e2ca-57f2-95b8-16a3b92247e6,14,2026-09-16T07:37:00+00:00
756,6e82bb3e-ede8-5803-ba1a-cc3aa8766199,9,2026-09-17T09:30:00+00:00
757,774fd1d7-ca6b-5177-9d91-fc7b24739425,9,2026-09-18T02:30:00+00:00
758,8ecc0792-3789-53b2-a26e-fc6daa886eb7,8,2026-09-18T10:30:00+00:00
759,8819cb55-67e6-5a55-98c8-d80446975a9e,1,2026-09-19T00:41:00+00:00
760,ac9c9500-b7e4-5bbe-8f4e-a40a6201979a,1,2026-09-19T00:41:00+00:00
761,6cf4bb40-4d81-5eb3-b9d9-5841cd55724e,1,2026-09-19T00:41:00+00:00
762,61347d09-09eb-5f04-a4ec-fe830319799f,1,2026-09-19T00:41:00+00:00
763,e747fee0-a84b-5f51-98a3-7481903c9023,1,2026-09-19T00:42:00+00:00
764,35e87bcc-650c-5e3f-9741-3f0c54905b6f,1,2026-09-19T00:42:00+00:00
765,f4b545d6-b6c0-54b8-847e-101d68428b48,1,2026-09-19T00:43:00+00:00
766,8300625d-d3f5-5264-8503-98a2bfbf60d8,1,2026-09-19T00:43:00+00:00
767,b39a9d3d-f3eb-5d31-9cc7-15e278969b70,1,2026-09-19T00:43:00+00:00
768,3bc3e38a-5ff7-5330-ab2d-8add18e85d57,1,2026-09-19T00:44:00+00:00
769,52ab3a8f-ec5c-5e66-bcd5-efc304512118,1,2026-09-19T00:45:00+00:00
770,f8f213c7-3d61-567e-9735-5e3e9498b892,1,2026-09-19T00:45:00+00:00
771,e137404e-9196-525c-b17a-44dc96d29f29,1,2026-09-19T00:45:00+00:00
772,9047d24d-0775-5f10-bf17-6e8fc62c5884,1,2026-09-19T00:45:00+00:00
773,54561bf4-fe37-5b37-934d-9c7f81542f8b,1,2026-09-19T00:46:00+00:00
774,7b359533-e634-59eb-a2c3-b5501ff96488,1,2026-09-19T00:46:00+00:00
775,64b591cd-4cbe-577a-aba9-ee6912328a58,1,2026-09-19T00:47:00+00:00
776,f0ca4141-ccff-5472-ba76-f4b194108c7b,1,2026-09-19T00:47:00+00:00
777,33d87513-60c2-51ff-9ec5-f0f1389ed27e,1,2026-09-19T00:47:00+00:00
778,d3175e63-6121-5d55-b429-df91670d9aca,1,2026-09-19T00:47:00+00:00
779,6e82bb3e-ede8-5803-ba1a-cc3aa8766199,1,2026-09-19T00:48:00+00:00
780,7624f38b-fbca-546f-af04-c9dda9318f82,1,2026-09-19T00:48:00+00:00
781,a36cd93c-2f0c-5956-9a51-8094e39a7bed,1,2026-09-19T00:49:00+00:00
782,a36cd93c-2f0c-5956-9a51-8094e39a7bed,14,2026-09-19T00:49:00+00:00
783,458287c3-1628-5e26-8930-0d88ae11ce1a,1,2026-09-19T00:49:00+00:00
784,51420309-4688-52d6-84b9-51c0dc3a900e,1,2026-09-19T00:49:00+00:00
785,06657aeb-b604-5b0d-9281-d2e5afb78a9d,1,2026-09-19T00:49:00+00:00
786,a60d0128-bffa-5d2d-9915-36693e6bc3ba,1,2026-09-19T00:50:00+00:00
787,d6b81cb4-a299-5894-baa5-463cb63679a3,1,2026-09-19T00:50:00+00:00
788,50de23a6-cd45-55ac-adb0-06d14b4ed8ce,1,2026-09-19T00:51:00+00:00
789,53f78f7e-e2df-586b-b483-5748c92d0f9f,1,2026-09-19T00:51:00+00:00
790,bdc5faf6-386d-5338-99a0-32d156bcbd68,1,2026-09-19T00:51:00+00:00
791,f0f4eb8c-a1ed-50a1-bc7d-2863700a31a5,1,2026-09-19T00:52:00+00:00
792,45abfe15-6e8d-57cf-bda3-b7ae2b5c0bc7,1,2026-09-19T00:52:00+00:00
793,95ff45a0-9b28-55cb-bba6-22a608a4e30d,1,2026-09-19T00:53:00+00:00
794,4c310820-12d3-5128-9a45-973db446b59e,1,2026-09-19T00:53:00+00:00
795,5421f79d-ed60-5eed-852b-01b379adab9e,1,2026-09-19T00:53:00+00:00
796,3d0f3e54-413b-5a89-bc88-8cb0e7246b97,1,2026-09-19T00:53:00+00:00
797,368442e7-2dfe-5df4-9ab7-a468b984050a,1,2026-09-19T00:54:00+00:00
798,b7180518-4b5b-54ef-9060-958212d05ab7,1,2026-09-19T00:54:00+00:00
799,6ab0c42d-0ad5-5b3d-9c6c-4ab9eaa47586,1,2026-09-19T00:55:00+00:00
800,7bdf8ad6-1318-5f74-9112-e2b655e215a2,1,2026-09-19T00:55:00+00:00
801,a0a53b38-722a-56e6-a52c-fe0e06169a59,1,2026-09-19T00:55:00+00:00
802,518ae987-15f7-5b22-8bcc-df59623dbdce,1,2026-09-19T00:55:00+00:00
803,36016ab9-3cc9-5f6a-8bc7-1d138ad9cb43,1,2026-09-19T00:56:00+00:00
804,44f09dba-7a20-5f46-840b-4670e6c7eb92,1,2026-09-19T00:56:00+00:00
805,daa36188-60fd-56a2-938b-70b1b51084b0,1,2026-09-19T00:57:00+00:00
806,cb162f3d-006f-544e-bfa6-f9abb8a52026,1,2026-09-19T00:57:00+00:00
807,6ac5a7a4-ae0d-5e31-8a7c-d85b63a96c46,1,2026-09-19T00:57:00+00:00
808,9047d24d-0775-5f10-bf17-6e8fc62c5884,14,2026-09-19T00:57:00+00:00
809,fd96bbd1-5601-5c99-a1e2-04b09168b35e,1,2026-09-19T00:58:00+00:00
810,6d9d0917-bda8-5863-abe4-92d14b0cc926,1,2026-09-19T00:58:00+00:00
811,96ccee9a-30f2-56cd-b597-a927c84e0f75,1,2026-09-19T00:59:00+00:00
812,9355c2cf-38db-5118-9b77-3d5b5b3870df,1,2026-09-19T00:59:00+00:00
813,da462241-608b-5422-bdbd-0d98184a433d,1,2026-09-19T00:59:00+00:00
814,40120057-c43a-5745-9d3a-d9b0c6b1e84e,1,2026-09-19T00:59:00+00:00
815,7b48b183-5d87-500f-9cec-2e003c19efac,1,2026-09-19T01:00:00+00:00
816,a53c485b-a35c-51fb-84a5-364207ce0adb,1,2026-09-19T01:00:00+00:00
817,302b84f9-9053-5cf7-bed0-305678227875,1,2026-09-19T01:01:00+00:00
818,20b63262-d3e6-555a-95b2-84fc87694a19,1,2026-09-19T01:01:00+00:00
819,673e8617-3280-5bfa-85a6-738a6d64aac6,1,2026-09-19T01:01:00+00:00
820,373cd20e-25d5-5a46-a0ae-18157cf68a55,1,2026-09-19T01:01:00+00:00
821,adfbbf3c-5175-5e0a-bf98-b8854f2081c2,1,2026-09-19T01:02:00+00:00
822,fb400c3e-ecd0-522e-8b8e-1323946be71a,1,2026-09-19T01:02:00+00:00
823,f1fb49f6-8f16-5086-a3b3-1c5e169f9ad4,1,2026-09-19T01:03:00+00:00
824,20b4182c-90f7-51da-99e8-97ade4d19a92,1,2026-09-19T01:03:00+00:00
825,554a90ae-c448-548d-a552-cd8f1c340cbd,1,2026-09-19T01:04:00+00:00
826,ef763ec1-f93c-5744-9640-4ca59adf9347,1,2026-09-19T01:04:00+00:00
827,5d857806-7d61-533b-bc12-af2d7b775d29,1,2026-09-19T01:05:00+00:00
828,37b7aed3-d207-54f7-b4ec-0e05c50eaeb2,1,2026-09-19T01:05:00+00:00
829,ffe47fd1-7989-5728-addd-50b504edd889,1,2026-09-19T01:05:00+00:00
830,f6e8344b-87f4-5461-93fc-b01ff1ae4265,1,2026-09-19T01:05:00+00:00
831,f2561442-8439-5138-9a3b-8bcf96f16609,1,2026-09-19T01:06:00+00:00
832,8fa5b823-1a70-59f7-9bb2-b3d5f36dc82b,1,2026-09-19T01:06:00+00:00
833,84047d01-74e6-5a08-a20e-b5c25e3eff3e,1,2026-09-19T01:07:00+00:00
834,484e243b-afd7-5767-bb0f-4262c0334aea,1,2026-09-19T01:07:00+00:00
835,fbdfefdb-ca2d-5a0e-87ed-62021c1c11d4,1,2026-09-19T01:07:00+00:00
836,ee289908-380a-5bb3-8fdc-0990b203929b,1,2026-09-19T01:08:00+00:00
837,1b1e4344-fde4-5cc2-b82c-4fb458696522,1,2026-09-19T01:08:00+00:00
838,082b47e7-5a06-5a34-bd49-595c82b2b196,1,2026-09-19T01:09:00+00:00
839,a5526e82-ef69-522b-b3ad-df818658bde0,1,2026-09-19T01:09:00+00:00
840,341a0cef-f4a9-53ee-8980-229dc154ff4e,1,2026-09-19T01:09:00+00:00
841,88820056-e901-59a1-b2ca-c4e813b34f7b,1,2026-09-19T01:09:00+00:00
842,dfe9e449-d177-56af-a679-d3e1c78c5c02,1,2026-09-19T01:10:00+00:00
843,fd96bbd1-5601-5c99-a1e2-04b09168b35e,14,2026-09-19T01:10:00+00:00
844,473b12ab-4d0d-5b7f-89b2-c0a1e2405c60,1,2026-09-19T01:10:00+00:00
845,0e49007f-82be-5238-a956-37d8f7b40d4c,1,2026-09-19T01:11:00+00:00
846,f223e569-d735-5980-b77b-25d459e64a37,1,2026-09-19T01:11:00+00:00
847,96dbbdad-601e-5bc2-9d1a-78f9f6349a39,1,2026-09-19T01:11:00+00:00
848,84da666c-c47c-572e-b2c9-3b6f35881596,1,2026-09-19T01:12:00+00:00
849,9b2e34a9-6722-598e-a857-e346acd294bf,1,2026-09-19T01:12:00+00:00
850,e502b694-466f-5e1f-9293-146b264ae20c,1,2026-09-19T01:13:00+00:00
851,e502b694-466f-5e1f-9293-146b264ae20c,14,2026-09-19T01:13:00+00:00
852,bb4b0d34-59a4-5948-a9be-a1aa6caece55,1,2026-09-19T01:13:00+00:00
853,eb3717c1-cd92-5eeb-af40-9df7f3132426,1,2026-09-19T01:13:00+00:00
854,b897da16-1a55-5740-8129-7d502e6f44b8,1,2026-09-19T01:13:00+00:00
855,25797954-b022-582e-8349-e1e2c141368c,1,2026-09-19T01:14:00+00:00
856,e7c63421-97d2-555e-9731-46cb0f04f637,1,2026-09-19T01:14:00+00:00
857,a992f17b-79b6-5dcf-aed4-2aebaa5775c7,1,2026-09-19T01:15:00+00:00
858,eb397f92-99ac-5f0f-8f81-3540865f0477,1,2026-09-19T01:15:00+00:00
859,34046d1a-c67e-5a81-b9d5-47dd4840c4fe,1,2026-09-19T01:15:00+00:00
860,49a9d8f7-08ea-5972-af3a-0ca0a6c06e59,1,2026-09-19T01:15:00+00:00
861,88a268b0-6bca-5583-b041-ffdbc51be7e6,1,2026-09-19T01:16:00+00:00
862,f21481e8-5bf3-5aa6-a7e0-fe6e26920e28,1,2026-09-19T01:16:00+00:00
863,e21dfd78-ea9f-5754-a3b2-3b3b66dd30b5,1,2026-09-19T01:16:00+00:00
864,3a376c3a-3e46-5c8c-815c-232b66ca9bc8,1,2026-09-19T01:17:00+00:00
865,f985b68e-39ae-5c83-8468-2b126802c414,1,2026-09-19T01:17:00+00:00
866,d9aaa9eb-5304-587b-b0f4-42a2d5930f54,1,2026-09-19T01:17:00+00:00
867,783491ec-2857-52e8-a102-766d7abba6d2,1,2026-09-19T01:17:00+00:00
868,d48cab4b-e48b-59ae-88d6-41d5d463569d,1,2026-09-19T01:18:00+00:00
869,58074159-53d7-5a52-8436-d84a05af35a9,1,2026-09-19T01:18:00+00:00
870,9c9c228f-3bd5-5da4-b666-fbfab93b4b7e,1,2026-09-19T01:19:00+00:00
871,19e81afb-74c1-5b4a-9af3-469f3b610235,1,2026-09-19T01:19:00+00:00
872,af808cd8-ab34-515f-a8a0-a1b0719a537b,1,2026-09-19T01:19:00+00:00
873,02bf8d95-eee4-5287-b363-0551cc4a6d51,1,2026-09-19T01:19:00+00:00
874,02bf8d95-eee4-5287-b363-0551cc4a6d51,14,2026-09-19T01:19:00+00:00
875,9edec740-5de6-5c27-8233-5cf72946b182,1,2026-09-19T01:19:00+00:00
876,b0ebc690-efe0-594f-bd55-e4d7ec3454bc,1,2026-09-19T01:20:00+00:00
877,1873645b-b54c-51dc-a41a-7131e831a64f,1,2026-09-19T01:20:00+00:00
878,95927b04-f214-5c26-878d-fb55176e41bc,1,2026-09-19T01:21:00+00:00
879,4ec67eb8-4fda-5cbc-bbd1-a6afc7ce8130,1,2026-09-19T01:21:00+00:00
880,01c00e49-c4d6-5d4b-bbc1-8aa3fe21ba2a,1,2026-09-19T01:21:00+00:00
881,45cee65b-db52-5dff-b09d-0ee1ac2be20f,1,2026-09-19T01:22:00+00:00
882,63fdd1e3-9db3-5b05-9799-510eea6abab7,1,2026-09-19T01:22:00+00:00
883,63fdd1e3-9db3-5b05-9799-510eea6abab7,14,2026-09-19T01:22:00+00:00
884,1bc15434-bc22-56cc-a890-336efd2a11e5,1,2026-09-19T01:23:00+00:00
885,96373821-4bf4-53b8-bd24-bb64bbb3b84e,1,2026-09-19T01:23:00+00:00
886,a070c6d0-c23b-5036-b352-f16db0d6ec8e,1,2026-09-19T01:23:00+00:00
887,9d1c460b-bd0b-57ff-ac14-f2b10f73edd3,1,2026-09-19T01:23:00+00:00
888,9d1c460b-bd0b-57ff-ac14-f2b10f73edd3,14,2026-09-19T01:23:00+00:00
889,729fe171-fa0d-547e-b374-39bd19f4c645,1,2026-09-19T01:23:00+00:00
890,50d6350f-ffd4-59ad-a1ff-65a49a77a913,1,2026-09-19T01:24:00+00:00
891,77c684c4-9514-5edc-85ff-1052c8544c14,1,2026-09-19T01:24:00+00:00
892,1767869f-381f-59b9-acac-01da2d539e40,1,2026-09-19T01:25:00+00:00
893,f3744506-cae3-5f81-8a4f-506a60395be8,1,2026-09-19T01:25:00+00:00
894,f3744506-cae3-5f81-8a4f-506a60395be8,14,2026-09-19T01:25:00+00:00
895,bb4b0d34-59a4-5948-a9be-a1aa6caece55,14,2026-09-19T01:25:00+00:00
896,0b532307-3033-5baf-b61c-915d1213c01f,1,2026-09-19T01:25:00+00:00
897,096499d2-73d6-5063-9dd4-a7c1aebac61d,1,2026-09-19T01:25:00+00:00
898,0947c4b9-50d6-50e2-9043-84a15b80e8c7,1,2026-09-19T01:25:00+00:00
899,d0c58825-6ead-50f6-9a07-f2f95dbb51ea,1,2026-09-19T01:26:00+00:00
900,693ebb02-ab3f-5d60-b798-d4d4df4900d2,1,2026-09-19T01:26:00+00:00
901,3d016498-e16a-5ad9-95c7-b633dfc6a142,1,2026-09-19T01:27:00+00:00
902,baa8ef70-5b01-5a49-84cb-71c353290705,1,2026-09-19T01:27:00+00:00
903,eeeb9e89-042f-5fdc-8fcf-2c3ad56f9bf1,1,2026-09-19T01:27:00+00:00
904,6ecf180b-be59-594c-a33b-31bd0120f01f,1,2026-09-19T01:27:00+00:00
905,e7dd6cb0-626e-510a-9e98-0498c534b04d,1,2026-09-19T01:27:00+00:00
906,8ae0340a-8eaf-5e9d-9db0-ac449334023d,1,2026-09-19T01:28:00+00:00
907,ec6d706d-7dba-534b-8700-e6752dbd06e1,1,2026-09-19T01:28:00+00:00
908,5c465a9a-bc36-5d7b-b5a2-0f18d9dab68a,1,2026-09-19T01:28:00+00:00
909,4c2177ab-592a-5e4a-b25b-8bb3f8090555,1,2026-09-19T01:29:00+00:00
910,ae96d203-7a11-52ed-9e02-cd93c3dda603,1,2026-09-19T01:29:00+00:00
911,5ce94e6e-a987-5fd1-90b2-94a1174f9376,1,2026-09-19T01:29:00+00:00
912,878bb7d9-5569-5efb-bbd1-5e39d62d594d,1,2026-09-19T01:29:00+00:00
913,61347d09-09eb-5f04-a4ec-fe830319799f,2,2026-09-19T01:29:00+00:00
914,7298015b-9105-595a-b879-3013c08053f7,1,2026-09-19T01:29:00+00:00
915,e0b64119-ecb0-52a5-852d-39c211ce337a,1,2026-09-19T01:30:00+00:00
916,cd8c4c60-ab9b-5cf3-996e-d4fbb990f4c6,1,2026-09-19T01:30:00+00:00
917,e137404e-9196-525c-b17a-44dc96d29f29,2,2026-09-19T01:33:00+00:00
918,7b359533-e634-59eb-a2c3-b5501ff96488,2,2026-09-19T01:34:00+00:00
919,f0ca4141-ccff-5472-ba76-f4b194108c7b,2,2026-09-19T01:35:00+00:00
920,33d87513-60c2-51ff-9ec5-f0f1389ed27e,2,2026-09-19T01:35:00+00:00
921,bdc5faf6-386d-5338-99a0-32d156bcbd68,2,2026-09-19T01:39:00+00:00
922,4c310820-12d3-5128-9a45-973db446b59e,2,2026-09-19T01:41:00+00:00
923,368442e7-2dfe-5df4-9ab7-a468b984050a,2,2026-09-19T01:42:00+00:00
924,cb162f3d-006f-544e-bfa6-f9abb8a52026,2,2026-09-19T01:45:00+00:00
925,ffe47fd1-7989-5728-addd-50b504edd889,2,2026-09-19T01:53:00+00:00
926,8fa5b823-1a70-59f7-9bb2-b3d5f36dc82b,2,2026-09-19T01:54:00+00:00
927,8fa5b823-1a70-59f7-9bb2-b3d5f36dc82b,14,2026-09-19T01:54:00+00:00
928,84047d01-74e6-5a08-a20e-b5c25e3eff3e,2,2026-09-19T01:55:00+00:00
929,a5526e82-ef69-522b-b3ad-df818658bde0,2,2026-09-19T01:57:00+00:00
930,783491ec-2857-52e8-a102-766d7abba6d2,2,2026-09-19T02:05:00+00:00
931,783491ec-2857-52e8-a102-766d7abba6d2,14,2026-09-19T02:05:00+00:00
932,d48cab4b-e48b-59ae-88d6-41d5d463569d,2,2026-09-19T02:06:00+00:00
933,b0ebc690-efe0-594f-bd55-e4d7ec3454bc,2,2026-09-19T02:08:00+00:00
934,77c684c4-9514-5edc-85ff-1052c8544c14,2,2026-09-19T02:12:00+00:00
935,0b532307-3033-5baf-b61c-915d1213c01f,2,2026-09-19T02:13:00+00:00
936,0b532307-3033-5baf-b61c-915d1213c01f,14,2026-09-19T02:13:00+00:00
937,0947c4b9-50d6-50e2-9043-84a15b80e8c7,2,2026-09-19T02:13:00+00:00
938,8ae0340a-8eaf-5e9d-9db0-ac449334023d,2,2026-09-19T02:16:00+00:00
939,4c2177ab-592a-5e4a-b25b-8bb3f8090555,2,2026-09-19T02:17:00+00:00
940,878bb7d9-5569-5efb-bbd1-5e39d62d594d,2,2026-09-19T02:17:00+00:00
941,d16e3cdc-2868-563d-867d-62fa9b8b24ea,1,2026-09-19T02:43:00+00:00
942,4cf03b5a-e2ca-57f2-95b8-16a3b92247e6,1,2026-09-19T03:03:00+00:00
943,7e6a1243-34f5-52e6-862f-e5f3b2ebe640,1,2026-09-19T03:17:00+00:00
944,bf54d417-d834-5d3e-a7f9-106377fe05a5,1,2026-09-19T03:20:00+00:00
945,b55b4f74-ded6-5cf1-aae0-9ad89c03c10c,1,2026-09-19T03:21:00+00:00
946,3d0f3e54-413b-5a89-bc88-8cb0e7246b97,2,2026-09-19T03:41:00+00:00
947,f2561442-8439-5138-9a3b-8bcf96f16609,2,2026-09-19T03:54:00+00:00
948,bf54d417-d834-5d3e-a7f9-106377fe05a5,2,2026-09-19T04:08:00+00:00
949,50d6350f-ffd4-59ad-a1ff-65a49a77a913,2,2026-09-19T04:12:00+00:00
950,ae96d203-7a11-52ed-9e02-cd93c3dda603,2,2026-09-19T04:17:00+00:00
951,f2561442-8439-5138-9a3b-8bcf96f16609,14,2026-09-19T05:54:00+00:00
