id,user_id,thread_id,comment_id,value,created_at
113,fd96bbd1-5601-5c99-a1e2-04b09168b35e,114,\N,1,2026-08-03T04:30:00+00:00
114,ef763ec1-f93c-5744-9640-4ca59adf9347,114,\N,1,2026-08-03T04:30:00+00:00
115,daa36188-60fd-56a2-938b-70b1b51084b0,114,\N,1,2026-08-03T04:30:00+00:00
116,3bc3e38a-5ff7-5330-ab2d-8add18e85d57,114,\N,1,2026-08-03T04:30:00+00:00
117,1bf86e3f-0e6e-5241-b319-71005237945f,114,\N,1,2026-08-03T04:30:00+00:00
118,7e6a1243-34f5-52e6-862f-e5f3b2ebe640,114,\N,1,2026-08-03T04:30:00+00:00
119,f4793612-bd5c-52c4-b29e-226fe28a77ca,114,\N,1,2026-08-03T04:30:00+00:00
120,d2a70bca-a25c-522f-9b7e-c967b69503cc,114,\N,1,2026-08-03T04:30:00+00:00
121,554a90ae-c448-548d-a552-cd8f1c340cbd,114,\N,1,2026-08-03T04:30:00+00:00
122,6ac5a7a4-ae0d-5e31-8a7c-d85b63a96c46,114,\N,1,2026-08-03T04:30:00+00:00
123,bdc5faf6-386d-5338-99a0-32d156bcbd68,114,\N,1,2026-08-03T04:30:00+00:00
124,8fa5b823-1a70-59f7-9bb2-b3d5f36dc82b,114,\N,1,2026-08-03T04:30:00+00:00
125,0e49007f-82be-5238-a956-37d8f7b40d4c,\N,209,1,2026-09-12T12:00:00+00:00
126,0947c4b9-50d6-50e2-9043-84a15b80e8c7,\N,209,1,2026-09-12T12:40:00+00:00
127,001e944b-e64e-5742-afb7-5e04327e41ee,\N,209,1,2026-09-12T13:20:00+00:00
128,f0f4eb8c-a1ed-50a1-bc7d-2863700a31a5,\N,209,1,2026-09-12T14:00:00+00:00
129,729fe171-fa0d-547e-b374-39bd19f4c645,\N,209,1,2026-09-12T14:40:00+00:00
130,5532dec3-02ae-5ac3-8b57-2e8214a8598b,\N,209,1,2026-09-12T15:20:00+00:00
131,1dd6da2f-292d-52b5-8e0e-a84885e81ba1,\N,209,1,2026-09-12T16:00:00+00:00
132,484e243b-afd7-5767-bb0f-4262c0334aea,\N,209,1,2026-09-12T16:40:00+00:00
133,3d5b480d-3962-5c76-96ca-5459d65372aa,\N,209,1,2026-09-12T17:20:00+00:00
134,4966bb54-4d4f-5992-8586-1bd44991d17f,115,\N,1,2026-09-13T09:30:00+00:00
135,84047d01-74e6-5a08-a20e-b5c25e3eff3e,115,\N,1,2026-09-13T09:30:00+00:00
136,cd8c4c60-ab9b-5cf3-996e-d4fbb990f4c6,115,\N,1,2026-09-13T09:30:00+00:00
137,ac9c9500-b7e4-5bbe-8f4e-a40a6201979a,115,\N,1,2026-09-13T09:30:00+00:00
138,5c465a9a-bc36-5d7b-b5a2-0f18d9dab68a,\N,211,1,2026-09-08T10:00:00+00:00
139,0bd9c807-50b6-567b-befe-96c80ed2fc9d,\N,211,1,2026-09-08T10:40:00+00:00
140,1dd6da2f-292d-52b5-8e0e-a84885e81ba1,\N,212,1,2026-09-08T17:00:00+00:00
141,c6286e16-5e03-594c-aa67-861b8ba91b33,116,\N,1,2026-09-09T00:30:00+00:00
142,bdc5faf6-386d-5338-99a0-32d156bcbd68,\N,213,1,2026-09-01T09:00:00+00:00
143,a5526e82-ef69-522b-b3ad-df818658bde0,\N,214,1,2026-09-01T16:00:00+00:00
144,54561bf4-fe37-5b37-934d-9c7f81542f8b,\N,215,1,2026-09-01T23:00:00+00:00
145,06657aeb-b604-5b0d-9281-d2e5afb78a9d,\N,216,1,2026-09-02T06:00:00+00:00
146,dfe9e449-d177-56af-a679-d3e1c78c5c02,117,\N,1,2026-09-02T06:30:00+00:00
147,49a9d8f7-08ea-5972-af3a-0ca0a6c06e59,117,\N,1,2026-09-02T06:30:00+00:00
148,ae7ac442-d880-5cd8-bc30-8d21c5f7dc54,117,\N,1,2026-09-02T06:30:00+00:00
149,61347d09-09eb-5f04-a4ec-fe830319799f,117,\N,1,2026-09-02T06:30:00+00:00
150,9cba29b2-e169-54f3-9d61-1d5013f80312,117,\N,1,2026-09-02T06:30:00+00:00
151,783491ec-2857-52e8-a102-766d7abba6d2,117,\N,1,2026-09-02T06:30:00+00:00
152,ef763ec1-f93c-5744-9640-4ca59adf9347,117,\N,1,2026-09-02T06:30:00+00:00
153,d48cab4b-e48b-59ae-88d6-41d5d463569d,117,\N,1,2026-09-02T06:30:00+00:00
154,fb400c3e-ecd0-522e-8b8e-1323946be71a,117,\N,1,2026-09-02T06:30:00+00:00
155,3425797b-5c54-5f3a-9a34-9cedb0dc5b84,117,\N,1,2026-09-02T06:30:00+00:00
156,9355c2cf-38db-5118-9b77-3d5b5b3870df,117,\N,1,2026-09-02T06:30:00+00:00
157,e7c63421-97d2-555e-9731-46cb0f04f637,117,\N,1,2026-09-02T06:30:00+00:00
158,3a376c3a-3e46-5c8c-815c-232b66ca9bc8,\N,218,1,2026-08-15T10:00:00+00:00
159,341a0cef-f4a9-53ee-8980-229dc154ff4e,\N,218,1,2026-08-15T10:40:00+00:00
160,49a9d8f7-08ea-5972-af3a-0ca0a6c06e59,\N,218,1,2026-08-15T11:20:00+00:00
161,6b9b6012-cdb4-50eb-8ad0-01c36516df23,\N,218,1,2026-08-15T12:00:00+00:00
162,e3efd234-c7f9-5957-937f-661b1c3981ef,\N,218,1,2026-08-15T12:40:00+00:00
163,b0ebc690-efe0-594f-bd55-e4d7ec3454bc,\N,218,1,2026-08-15T13:20:00+00:00
164,8300625d-d3f5-5264-8503-98a2bfbf60d8,\N,220,1,2026-08-16T00:00:00+00:00
165,b7f1d97d-9f3c-5885-b9ef-48d67a16a686,\N,220,1,2026-08-16T00:40:00+00:00
166,1bc15434-bc22-56cc-a890-336efd2a11e5,118,\N,1,2026-08-16T00:30:00+00:00
167,f223e569-d735-5980-b77b-25d459e64a37,118,\N,1,2026-08-16T00:30:00+00:00
168,e3efd234-c7f9-5957-937f-661b1c3981ef,118,\N,1,2026-08-16T00:30:00+00:00
169,d48cab4b-e48b-59ae-88d6-41d5d463569d,118,\N,1,2026-08-16T00:30:00+00:00
170,2e2e8079-6c9e-51c9-bc7e-1475045fd514,\N,221,1,2026-08-01T03:00:00+00:00
171,473b12ab-4d0d-5b7f-89b2-c0a1e2405c60,\N,222,1,2026-08-01T10:00:00+00:00
172,d767d4bb-a2aa-587a-90f9-23d0689ae52a,119,\N,1,2026-08-02T00:30:00+00:00
173,01c00e49-c4d6-5d4b-bbc1-8aa3fe21ba2a,119,\N,1,2026-08-02T00:30:00+00:00
174,d3175e63-6121-5d55-b429-df91670d9aca,\N,223,1,2026-09-17T12:00:00+00:00
175,d5dc7189-89df-5fd7-983f-1124b6de3d68,\N,223,1,2026-09-17T12:40:00+00:00
176,3d5b480d-3962-5c76-96ca-5459d65372aa,\N,224,1,2026-09-17T19:00:00+00:00
177,f21481e8-5bf3-5aa6-a7e0-fe6e26920e28,\N,224,1,2026-09-17T19:40:00+00:00
178,405fd522-6b0d-52fc-b397-dc3ce2e4a2ea,\N,225,1,2026-09-18T02:00:00+00:00
179,e3efd234-c7f9-5957-937f-661b1c3981ef,\N,225,1,2026-09-18T02:40:00+00:00
180,adfbbf3c-5175-5e0a-bf98-b8854f2081c2,120,\N,1,2026-09-18T09:30:00+00:00
181,58074159-53d7-5a52-8436-d84a05af35a9,120,\N,1,2026-09-18T09:30:00+00:00
182,fbdfefdb-ca2d-5a0e-87ed-62021c1c11d4,120,\N,1,2026-09-18T09:30:00+00:00
183,baa8ef70-5b01-5a49-84cb-71c353290705,120,\N,1,2026-09-18T09:30:00+00:00
184,ae96d203-7a11-52ed-9e02-cd93c3dda603,120,\N,1,2026-09-18T09:30:00+00:00
185,a60d0128-bffa-5d2d-9915-36693e6bc3ba,120,\N,1,2026-09-18T09:30:00+00:00
186,1062abbb-4fcd-51a9-95fc-5474e4af7640,120,\N,1,2026-09-18T09:30:00+00:00
187,8fa5b823-1a70-59f7-9bb2-b3d5f36dc82b,120,\N,1,2026-09-18T09:30:00+00:00
188,52ab3a8f-ec5c-5e66-bcd5-efc304512118,\N,226,1,2026-08-08T07:00:00+00:00
189,7e6a1243-34f5-52e6-862f-e5f3b2ebe640,121,\N,1,2026-08-09T04:30:00+00:00
190,341a0cef-f4a9-53ee-8980-229dc154ff4e,121,\N,1,2026-08-09T04:30:00+00:00
191,82a5c89c-0b3a-58b9-9259-837a5348a5c2,121,\N,1,2026-08-09T04:30:00+00:00
192,50d6350f-ffd4-59ad-a1ff-65a49a77a913,121,\N,1,2026-08-09T04:30:00+00:00
193,e502b694-466f-5e1f-9293-146b264ae20c,121,\N,1,2026-08-09T04:30:00+00:00
194,5a4b137d-2ebb-5c75-8cdd-bf77406b4b9f,121,\N,1,2026-08-09T04:30:00+00:00
195,302b84f9-9053-5cf7-bed0-305678227875,121,\N,1,2026-08-09T04:30:00+00:00
196,ab45f9eb-3fee-5ea5-bccb-faffc50f3e76,121,\N,1,2026-08-09T04:30:00+00:00
197,a60d0128-bffa-5d2d-9915-36693e6bc3ba,121,\N,1,2026-08-09T04:30:00+00:00
198,c6286e16-5e03-594c-aa67-861b8ba91b33,121,\N,1,2026-08-09T04:30:00+00:00
199,ffe47fd1-7989-5728-addd-50b504edd889,121,\N,1,2026-08-09T04:30:00+00:00
200,e0b64119-ecb0-52a5-852d-39c211ce337a,121,\N,1,2026-08-09T04:30:00+00:00
201,774fd1d7-ca6b-5177-9d91-fc7b24739425,121,\N,1,2026-08-09T04:30:00+00:00
202,a0a53b38-722a-56e6-a52c-fe0e06169a59,121,\N,1,2026-08-09T04:30:00+00:00
203,ae96d203-7a11-52ed-9e02-cd93c3dda603,121,\N,1,2026-08-09T04:30:00+00:00
204,49a9d8f7-08ea-5972-af3a-0ca0a6c06e59,121,\N,1,2026-08-09T04:30:00+00:00
205,8819cb55-67e6-5a55-98c8-d80446975a9e,122,\N,1,2026-09-04T09:30:00+00:00
206,f6e8344b-87f4-5461-93fc-b01ff1ae4265,\N,227,1,2026-07-22T12:00:00+00:00
207,a5526e82-ef69-522b-b3ad-df818658bde0,123,\N,1,2026-07-23T09:30:00+00:00
208,3d016498-e16a-5ad9-95c7-b633dfc6a142,\N,228,1,2026-08-21T03:00:00+00:00
209,06657aeb-b604-5b0d-9281-d2e5afb78a9d,\N,228,1,2026-08-21T03:40:00+00:00
210,5ccdaadc-80b2-50e1-a0c1-bad0246a7cf2,\N,229,1,2026-08-21T10:00:00+00:00
211,e0b64119-ecb0-52a5-852d-39c211ce337a,\N,229,1,2026-08-21T10:40:00+00:00
212,35e87bcc-650c-5e3f-9741-3f0c54905b6f,\N,230,1,2026-08-21T17:00:00+00:00
213,651ce25b-8132-52d9-8f74-889f22c3bb5c,\N,230,1,2026-08-21T17:40:00+00:00
214,d48cab4b-e48b-59ae-88d6-41d5d463569d,\N,230,1,2026-08-21T18:20:00+00:00
215,096499d2-73d6-5063-9dd4-a7c1aebac61d,\N,230,1,2026-08-21T19:00:00+00:00
216,001e944b-e64e-5742-afb7-5e04327e41ee,124,\N,1,2026-08-22T00:30:00+00:00
217,8819cb55-67e6-5a55-98c8-d80446975a9e,124,\N,1,2026-08-22T00:30:00+00:00
218,33ba5d16-c38c-5bcf-9896-ea8ae81d6e7b,124,\N,1,2026-08-22T00:30:00+00:00
219,9047d24d-0775-5f10-bf17-6e8fc62c5884,124,\N,1,2026-08-22T00:30:00+00:00
220,f6e8344b-87f4-5461-93fc-b01ff1ae4265,124,\N,1,2026-08-22T00:30:00+00:00
221,61347d09-09eb-5f04-a4ec-fe830319799f,124,\N,1,2026-08-22T00:30:00+00:00
222,1767869f-381f-59b9-acac-01da2d539e40,124,\N,1,2026-08-22T00:30:00+00:00
223,dfe9e449-d177-56af-a679-d3e1c78c5c02,124,\N,1,2026-08-22T00:30:00+00:00
224,673e8617-3280-5bfa-85a6-738a6d64aac6,124,\N,1,2026-08-22T00:30:00+00:00
225,3a376c3a-3e46-5c8c-815c-232b66ca9bc8,124,\N,1,2026-08-22T00:30:00+00:00
226,b897da16-1a55-5740-8129-7d502e6f44b8,124,\N,1,2026-08-22T00:30:00+00:00
227,95ff45a0-9b28-55cb-bba6-22a608a4e30d,124,\N,1,2026-08-22T00:30:00+00:00
228,51420309-4688-52d6-84b9-51c0dc3a900e,\N,231,1,2026-08-28T06:00:00+00:00
229,302b84f9-9053-5cf7-bed0-305678227875,\N,231,1,2026-08-28T06:40:00+00:00
230,eeeb9e89-042f-5fdc-8fcf-2c3ad56f9bf1,\N,231,1,2026-08-28T07:20:00+00:00
231,7f0221a7-4703-52e7-8b26-fa2cd7303c90,\N,231,1,2026-08-28T08:00:00+00:00
232,0e992dba-f631-52d1-b7e3-76faec77c33f,\N,231,1,2026-08-28T08:40:00+00:00
233,eb3717c1-cd92-5eeb-af40-9df7f3132426,\N,231,1,2026-08-28T09:20:00+00:00
234,af808cd8-ab34-515f-a8a0-a1b0719a537b,\N,234,1,2026-08-29T03:00:00+00:00
235,35e87bcc-650c-5e3f-9741-3f0c54905b6f,125,\N,1,2026-08-29T03:30:00+00:00
236,3425797b-5c54-5f3a-9a34-9cedb0dc5b84,125,\N,1,2026-08-29T03:30:00+00:00
237,64b591cd-4cbe-577a-aba9-ee6912328a58,125,\N,1,2026-08-29T03:30:00+00:00
238,baa8ef70-5b01-5a49-84cb-71c353290705,125,\N,1,2026-08-29T03:30:00+00:00
239,d2a70bca-a25c-522f-9b7e-c967b69503cc,125,\N,1,2026-08-29T03:30:00+00:00
240,9c9c228f-3bd5-5da4-b666-fbfab93b4b7e,125,\N,1,2026-08-29T03:30:00+00:00
241,6988340a-a3c1-5fda-a996-711f1723c649,125,\N,1,2026-08-29T03:30:00+00:00
242,e137404e-9196-525c-b17a-44dc96d29f29,125,\N,1,2026-08-29T03:30:00+00:00
243,9a026691-28ff-5880-9da3-006735af19d3,125,\N,1,2026-08-29T03:30:00+00:00
244,3d5b480d-3962-5c76-96ca-5459d65372aa,125,\N,1,2026-08-29T03:30:00+00:00
245,d16e3cdc-2868-563d-867d-62fa9b8b24ea,125,\N,1,2026-08-29T03:30:00+00:00
246,43a3bb15-e7a6-5c42-a198-3e0d7f080ba1,125,\N,1,2026-08-29T03:30:00+00:00
247,34046d1a-c67e-5a81-b9d5-47dd4840c4fe,\N,235,1,2026-08-14T08:00:00+00:00
248,458287c3-1628-5e26-8930-0d88ae11ce1a,\N,237,1,2026-08-14T22:00:00+00:00
249,facb4557-eabe-5f8b-89cc-f223b91c89b7,\N,237,1,2026-08-14T22:40:00+00:00
250,cb162f3d-006f-544e-bfa6-f9abb8a52026,\N,237,1,2026-08-14T23:20:00+00:00
251,e7c63421-97d2-555e-9731-46cb0f04f637,\N,237,1,2026-08-15T00:00:00+00:00
252,e1f9b739-b2d3-51e6-9609-05805a6d151c,\N,237,1,2026-08-15T00:40:00+00:00
253,6d9d0917-bda8-5863-abe4-92d14b0cc926,\N,237,1,2026-08-15T01:20:00+00:00
254,405fd522-6b0d-52fc-b397-dc3ce2e4a2ea,\N,237,1,2026-08-15T02:00:00+00:00
255,82a5c89c-0b3a-58b9-9259-837a5348a5c2,\N,237,1,2026-08-15T02:40:00+00:00
256,51420309-4688-52d6-84b9-51c0dc3a900e,\N,237,1,2026-08-15T03:20:00+00:00
257,8ecc0792-3789-53b2-a26e-fc6daa886eb7,\N,238,1,2026-08-15T05:00:00+00:00
258,7298015b-9105-595a-b879-3013c08053f7,126,\N,1,2026-08-15T05:30:00+00:00
259,341a0cef-f4a9-53ee-8980-229dc154ff4e,126,\N,1,2026-08-15T05:30:00+00:00
260,4cf03b5a-e2ca-57f2-95b8-16a3b92247e6,126,\N,1,2026-08-15T05:30:00+00:00
261,6ab0c42d-0ad5-5b3d-9c6c-4ab9eaa47586,126,\N,1,2026-08-15T05:30:00+00:00
262,77c684c4-9514-5edc-85ff-1052c8544c14,126,\N,1,2026-08-15T05:30:00+00:00
263,9d1c460b-bd0b-57ff-ac14-f2b10f73edd3,126,\N,1,2026-08-15T05:30:00+00:00
264,7ef6d8e7-132e-5da5-a653-16dd2e5719c4,126,\N,1,2026-08-15T05:30:00+00:00
265,5ccdaadc-80b2-50e1-a0c1-bad0246a7cf2,126,\N,1,2026-08-15T05:30:00+00:00
266,95ff45a0-9b28-55cb-bba6-22a608a4e30d,126,\N,1,2026-08-15T05:30:00+00:00
267,52ab3a8f-ec5c-5e66-bcd5-efc304512118,\N,239,1,2026-08-28T08:00:00+00:00
268,01c00e49-c4d6-5d4b-bbc1-8aa3fe21ba2a,\N,239,1,2026-08-28T08:40:00+00:00
269,63fdd1e3-9db3-5b05-9799-510eea6abab7,\N,240,1,2026-08-28T15:00:00+00:00
270,c6286e16-5e03-594c-aa67-861b8ba91b33,127,\N,1,2026-08-29T05:30:00+00:00
271,53f78f7e-e2df-586b-b483-5748c92d0f9f,127,\N,1,2026-08-29T05:30:00+00:00
272,1062abbb-4fcd-51a9-95fc-5474e4af7640,127,\N,1,2026-08-29T05:30:00+00:00
273,4966bb54-4d4f-5992-8586-1bd44991d17f,127,\N,1,2026-08-29T05:30:00+00:00
274,e3efd234-c7f9-5957-937f-661b1c3981ef,\N,241,1,2026-09-17T12:00:00+00:00
275,3425797b-5c54-5f3a-9a34-9cedb0dc5b84,\N,243,1,2026-09-18T02:00:00+00:00
276,b7f1d97d-9f3c-5885-b9ef-48d67a16a686,\N,243,1,2026-09-18T02:40:00+00:00
277,37b7aed3-d207-54f7-b4ec-0e05c50eaeb2,128,\N,1,2026-09-18T09:30:00+00:00
278,1dd6da2f-292d-52b5-8e0e-a84885e81ba1,128,\N,1,2026-09-18T09:30:00+00:00
279,50d6350f-ffd4-59ad-a1ff-65a49a77a913,\N,244,1,2026-09-12T09:00:00+00:00
280,5ccdaadc-80b2-50e1-a0c1-bad0246a7cf2,\N,244,1,2026-09-12T09:40:00+00:00
281,3a376c3a-3e46-5c8c-815c-232b66ca9bc8,\N,244,1,2026-09-12T10:20:00+00:00
282,52ab3a8f-ec5c-5e66-bcd5-efc304512118,\N,244,1,2026-09-12T11:00:00+00:00
283,5c465a9a-bc36-5d7b-b5a2-0f18d9dab68a,\N,244,1,2026-09-12T11:40:00+00:00
284,d9aaa9eb-5304-587b-b0f4-42a2d5930f54,\N,244,1,2026-09-12T12:20:00+00:00
285,34046d1a-c67e-5a81-b9d5-47dd4840c4fe,\N,244,1,2026-09-12T13:00:00+00:00
286,8ecc0792-3789-53b2-a26e-fc6daa886eb7,\N,244,1,2026-09-12T13:40:00+00:00
287,f4b545d6-b6c0-54b8-847e-101d68428b48,\N,244,1,2026-09-12T14:20:00+00:00
288,53f78f7e-e2df-586b-b483-5748c92d0f9f,129,\N,1,2026-09-13T06:30:00+00:00
289,9c9c228f-3bd5-5da4-b666-fbfab93b4b7e,130,\N,1,2026-08-17T02:30:00+00:00
290,85df6dcd-e42a-581f-802b-eb93568b74eb,130,\N,1,2026-08-17T02:30:00+00:00
291,6690668c-e73d-51ff-9ca4-36bec9b8c175,130,\N,1,2026-08-17T02:30:00+00:00
292,90cced0e-f2c7-528c-bd28-38c44ead6c98,130,\N,1,2026-08-17T02:30:00+00:00
293,3d0f3e54-413b-5a89-bc88-8cb0e7246b97,130,\N,1,2026-08-17T02:30:00+00:00
294,3425797b-5c54-5f3a-9a34-9cedb0dc5b84,130,\N,1,2026-08-17T02:30:00+00:00
295,3b932376-f549-5a1c-a24b-664b4bc338e3,130,\N,1,2026-08-17T02:30:00+00:00
296,ea7edc0e-b64d-545f-b311-b4ee943f2935,130,\N,1,2026-08-17T02:30:00+00:00
297,54561bf4-fe37-5b37-934d-9c7f81542f8b,130,\N,1,2026-08-17T02:30:00+00:00
298,d0c58825-6ead-50f6-9a07-f2f95dbb51ea,131,\N,1,2026-09-15T01:30:00+00:00
299,b7180518-4b5b-54ef-9060-958212d05ab7,131,\N,1,2026-09-15T01:30:00+00:00
300,ee289908-380a-5bb3-8fdc-0990b203929b,131,\N,1,2026-09-15T01:30:00+00:00
301,fb400c3e-ecd0-522e-8b8e-1323946be71a,131,\N,1,2026-09-15T01:30:00+00:00
302,f22a7317-9c2b-5d13-99b9-1a1622094bb3,131,\N,1,2026-09-15T01:30:00+00:00
303,a60d0128-bffa-5d2d-9915-36693e6bc3ba,131,\N,1,2026-09-15T01:30:00+00:00
304,58074159-53d7-5a52-8436-d84a05af35a9,131,\N,1,2026-09-15T01:30:00+00:00
305,f0ca4141-ccff-5472-ba76-f4b194108c7b,131,\N,1,2026-09-15T01:30:00+00:00
306,373cd20e-25d5-5a46-a0ae-18157cf68a55,131,\N,1,2026-09-15T01:30:00+00:00
307,f2561442-8439-5138-9a3b-8bcf96f16609,131,\N,1,2026-09-15T01:30:00+00:00
308,4307ee18-2e16-50be-abbc-db160bb8e8fd,131,\N,1,2026-09-15T01:30:00+00:00
309,44a33563-638c-52da-ae01-285f43dfcb99,131,\N,1,2026-09-15T01:30:00+00:00
310,2e2e8079-6c9e-51c9-bc7e-1475045fd514,131,\N,1,2026-09-15T01:30:00+00:00
311,7ef6d8e7-132e-5da5-a653-16dd2e5719c4,131,\N,1,2026-09-15T01:30:00+00:00
312,1873645b-b54c-51dc-a41a-7131e831a64f,131,\N,1,2026-09-15T01:30:00+00:00
313,63fdd1e3-9db3-5b05-9799-510eea6abab7,131,\N,1,2026-09-15T01:30:00+00:00
314,52ab3a8f-ec5c-5e66-bcd5-efc304512118,131,\N,1,2026-09-15T01:30:00+00:00
315,484e243b-afd7-5767-bb0f-4262c0334aea,131,\N,1,2026-09-15T01:30:00+00:00
316,0e49007f-82be-5238-a956-37d8f7b40d4c,131,\N,1,2026-09-15T01:30:00+00:00
317,43a3bb15-e7a6-5c42-a198-3e0d7f080ba1,131,\N,1,2026-09-15T01:30:00+00:00
318,ea7edc0e-b64d-545f-b311-b4ee943f2935,131,\N,1,2026-09-15T01:30:00+00:00
319,50de23a6-cd45-55ac-adb0-06d14b4ed8ce,\N,248,1,2026-08-11T02:00:00+00:00
320,1767869f-381f-59b9-acac-01da2d539e40,132,\N,1,2026-08-11T09:30:00+00:00
321,a36cd93c-2f0c-5956-9a51-8094e39a7bed,132,\N,1,2026-08-11T09:30:00+00:00
322,fb400c3e-ecd0-522e-8b8e-1323946be71a,132,\N,1,2026-08-11T09:30:00+00:00
323,3a376c3a-3e46-5c8c-815c-232b66ca9bc8,132,\N,1,2026-08-11T09:30:00+00:00
324,473b12ab-4d0d-5b7f-89b2-c0a1e2405c60,132,\N,1,2026-08-11T09:30:00+00:00
325,5c465a9a-bc36-5d7b-b5a2-0f18d9dab68a,132,\N,1,2026-08-11T09:30:00+00:00
326,90cced0e-f2c7-528c-bd28-38c44ead6c98,132,\N,1,2026-08-11T09:30:00+00:00
327,774fd1d7-ca6b-5177-9d91-fc7b24739425,132,\N,1,2026-08-11T09:30:00+00:00
328,6cf4bb40-4d81-5eb3-b9d9-5841cd55724e,132,\N,1,2026-08-11T09:30:00+00:00
329,e0b64119-ecb0-52a5-852d-39c211ce337a,132,\N,1,2026-08-11T09:30:00+00:00
330,25797954-b022-582e-8349-e1e2c141368c,132,\N,1,2026-08-11T09:30:00+00:00
331,06657aeb-b604-5b0d-9281-d2e5afb78a9d,132,\N,1,2026-08-11T09:30:00+00:00
332,64609795-d498-5ea7-ad33-a3bcecf9d962,\N,249,1,2026-08-05T11:00:00+00:00
333,ab45f9eb-3fee-5ea5-bccb-faffc50f3e76,\N,249,1,2026-08-05T11:40:00+00:00
334,f0f4eb8c-a1ed-50a1-bc7d-2863700a31a5,\N,249,1,2026-08-05T12:20:00+00:00
335,d16e3cdc-2868-563d-867d-62fa9b8b24ea,\N,249,1,2026-08-05T13:00:00+00:00
336,49a9d8f7-08ea-5972-af3a-0ca0a6c06e59,\N,249,1,2026-08-05T13:40:00+00:00
337,6467241a-6abd-5888-8e87-40e0e86cbc55,\N,249,1,2026-08-05T14:20:00+00:00
338,0b532307-3033-5baf-b61c-915d1213c01f,\N,250,1,2026-08-05T18:00:00+00:00
339,44f09dba-7a20-5f46-840b-4670e6c7eb92,\N,250,1,2026-08-05T18:40:00+00:00
340,e0b64119-ecb0-52a5-852d-39c211ce337a,\N,250,1,2026-08-05T19:20:00+00:00
341,368442e7-2dfe-5df4-9ab7-a468b984050a,\N,250,1,2026-08-05T20:00:00+00:00
342,baa8ef70-5b01-5a49-84cb-71c353290705,\N,250,1,2026-08-05T20:40:00+00:00
343,7298015b-9105-595a-b879-3013c08053f7,\N,250,1,2026-08-05T21:20:00+00:00
344,a53c485b-a35c-51fb-84a5-364207ce0adb,\N,251,1,2026-08-06T01:00:00+00:00
345,20b63262-d3e6-555a-95b2-84fc87694a19,\N,251,1,2026-08-06T01:40:00+00:00
346,6988340a-a3c1-5fda-a996-711f1723c649,\N,251,1,2026-08-06T02:20:00+00:00
347,d6b81cb4-a299-5894-baa5-463cb63679a3,\N,251,1,2026-08-06T03:00:00+00:00
348,a0a53b38-722a-56e6-a52c-fe0e06169a59,\N,252,1,2026-08-06T08:00:00+00:00
349,90cced0e-f2c7-528c-bd28-38c44ead6c98,\N,252,1,2026-08-06T08:40:00+00:00
350,f6e8344b-87f4-5461-93fc-b01ff1ae4265,\N,252,1,2026-08-06T09:20:00+00:00
351,ef763ec1-f93c-5744-9640-4ca59adf9347,\N,252,1,2026-08-06T10:00:00+00:00
352,508d03e7-de84-523a-8242-f48abc9451d7,\N,252,1,2026-08-06T10:40:00+00:00
353,7b48b183-5d87-500f-9cec-2e003c19efac,\N,252,1,2026-08-06T11:20:00+00:00
354,eeeb9e89-042f-5fdc-8fcf-2c3ad56f9bf1,133,\N,1,2026-08-06T08:30:00+00:00
355,10feece1-a2cd-532b-8488-21659a3bee22,133,\N,1,2026-08-06T08:30:00+00:00
356,50d6350f-ffd4-59ad-a1ff-65a49a77a913,133,\N,1,2026-08-06T08:30:00+00:00
357,a53c485b-a35c-51fb-84a5-364207ce0adb,133,\N,1,2026-08-06T08:30:00+00:00
358,e0b64119-ecb0-52a5-852d-39c211ce337a,133,\N,1,2026-08-06T08:30:00+00:00
359,7298015b-9105-595a-b879-3013c08053f7,133,\N,1,2026-08-06T08:30:00+00:00
360,a0a53b38-722a-56e6-a52c-fe0e06169a59,133,\N,1,2026-08-06T08:30:00+00:00
361,06657aeb-b604-5b0d-9281-d2e5afb78a9d,133,\N,1,2026-08-06T08:30:00+00:00
362,1bc15434-bc22-56cc-a890-336efd2a11e5,133,\N,1,2026-08-06T08:30:00+00:00
363,9c9c228f-3bd5-5da4-b666-fbfab93b4b7e,\N,254,1,2026-08-11T11:00:00+00:00
364,8ae0340a-8eaf-5e9d-9db0-ac449334023d,\N,254,1,2026-08-11T11:40:00+00:00
365,45abfe15-6e8d-57cf-bda3-b7ae2b5c0bc7,134,\N,1,2026-08-12T01:30:00+00:00
366,b0ebc690-efe0-594f-bd55-e4d7ec3454bc,134,\N,1,2026-08-12T01:30:00+00:00
367,783491ec-2857-52e8-a102-766d7abba6d2,134,\N,1,2026-08-12T01:30:00+00:00
368,8ecc0792-3789-53b2-a26e-fc6daa886eb7,134,\N,1,2026-08-12T01:30:00+00:00
369,001e944b-e64e-5742-afb7-5e04327e41ee,134,\N,1,2026-08-12T01:30:00+00:00
370,40120057-c43a-5745-9d3a-d9b0c6b1e84e,\N,257,1,2026-08-19T11:00:00+00:00
371,43a3bb15-e7a6-5c42-a198-3e0d7f080ba1,\N,258,1,2026-08-19T18:00:00+00:00
372,01c00e49-c4d6-5d4b-bbc1-8aa3fe21ba2a,\N,258,1,2026-08-19T18:40:00+00:00
373,5ccdaadc-80b2-50e1-a0c1-bad0246a7cf2,\N,258,1,2026-08-19T19:20:00+00:00
374,fd96bbd1-5601-5c99-a1e2-04b09168b35e,\N,258,1,2026-08-19T20:00:00+00:00
375,eb3717c1-cd92-5eeb-af40-9df7f3132426,135,\N,1,2026-08-20T08:30:00+00:00
376,4966bb54-4d4f-5992-8586-1bd44991d17f,\N,260,1,2026-09-12T10:00:00+00:00
377,458287c3-1628-5e26-8930-0d88ae11ce1a,\N,261,1,2026-09-12T17:00:00+00:00
378,f21481e8-5bf3-5aa6-a7e0-fe6e26920e28,\N,261,1,2026-09-12T17:40:00+00:00
379,da462241-608b-5422-bdbd-0d98184a433d,136,\N,1,2026-09-13T00:30:00+00:00
380,a0a53b38-722a-56e6-a52c-fe0e06169a59,136,\N,1,2026-09-13T00:30:00+00:00
381,50de23a6-cd45-55ac-adb0-06d14b4ed8ce,136,\N,1,2026-09-13T00:30:00+00:00
382,e5b7ccce-2cb7-5b6e-95a5-32ffacbca87f,136,\N,1,2026-09-13T00:30:00+00:00
383,dfe9e449-d177-56af-a679-d3e1c78c5c02,136,\N,1,2026-09-13T00:30:00+00:00
384,1bf86e3f-0e6e-5241-b319-71005237945f,136,\N,1,2026-09-13T00:30:00+00:00
385,4c310820-12d3-5128-9a45-973db446b59e,136,\N,1,2026-09-13T00:30:00+00:00
386,77c684c4-9514-5edc-85ff-1052c8544c14,136,\N,1,2026-09-13T00:30:00+00:00
387,c6286e16-5e03-594c-aa67-861b8ba91b33,136,\N,1,2026-09-13T00:30:00+00:00
388,f1fb49f6-8f16-5086-a3b3-1c5e169f9ad4,136,\N,1,2026-09-13T00:30:00+00:00
389,51420309-4688-52d6-84b9-51c0dc3a900e,136,\N,1,2026-09-13T00:30:00+00:00
390,95ff45a0-9b28-55cb-bba6-22a608a4e30d,136,\N,1,2026-09-13T00:30:00+00:00
391,85df6dcd-e42a-581f-802b-eb93568b74eb,136,\N,1,2026-09-13T00:30:00+00:00
392,0bd9c807-50b6-567b-befe-96c80ed2fc9d,136,\N,1,2026-09-13T00:30:00+00:00
393,651ce25b-8132-52d9-8f74-889f22c3bb5c,136,\N,1,2026-09-13T00:30:00+00:00
394,341a0cef-f4a9-53ee-8980-229dc154ff4e,136,\N,1,2026-09-13T00:30:00+00:00
395,0947c4b9-50d6-50e2-9043-84a15b80e8c7,136,\N,1,2026-09-13T00:30:00+00:00
396,4307ee18-2e16-50be-abbc-db160bb8e8fd,136,\N,1,2026-09-13T00:30:00+00:00
397,e7dd6cb0-626e-510a-9e98-0498c534b04d,136,\N,1,2026-09-13T00:30:00+00:00
398,3bc3e38a-5ff7-5330-ab2d-8add18e85d57,136,\N,1,2026-09-13T00:30:00+00:00
399,a5526e82-ef69-522b-b3ad-df818658bde0,136,\N,1,2026-09-13T00:30:00+00:00
400,58074159-53d7-5a52-8436-d84a05af35a9,\N,262,1,2026-09-07T09:00:00+00:00
401,6ac5a7a4-ae0d-5e31-8a7c-d85b63a96c46,137,\N,1,2026-09-08T06:30:00+00:00
402,a5526e82-ef69-522b-b3ad-df818658bde0,137,\N,1,2026-09-08T06:30:00+00:00
403,6467241a-6abd-5888-8e87-40e0e86cbc55,137,\N,1,2026-09-08T06:30:00+00:00
404,8ae0340a-8eaf-5e9d-9db0-ac449334023d,137,\N,1,2026-09-08T06:30:00+00:00
405,4307ee18-2e16-50be-abbc-db160bb8e8fd,137,\N,1,2026-09-08T06:30:00+00:00
406,a53c485b-a35c-51fb-84a5-364207ce0adb,\N,263,1,2026-08-03T05:00:00+00:00
407,ae96d203-7a11-52ed-9e02-cd93c3dda603,\N,263,1,2026-08-03T05:40:00+00:00
408,518ae987-15f7-5b22-8bcc-df59623dbdce,\N,263,1,2026-08-03T06:20:00+00:00
409,d9fbcbde-376a-5f82-9fb5-268a24b02d57,\N,263,1,2026-08-03T07:00:00+00:00
410,b7f1d97d-9f3c-5885-b9ef-48d67a16a686,139,\N,1,2026-08-04T02:30:00+00:00
411,0b532307-3033-5baf-b61c-915d1213c01f,139,\N,1,2026-08-04T02:30:00+00:00
412,84da666c-c47c-572e-b2c9-3b6f35881596,139,\N,1,2026-08-04T02:30:00+00:00
413,405fd522-6b0d-52fc-b397-dc3ce2e4a2ea,139,\N,1,2026-08-04T02:30:00+00:00
414,e5b7ccce-2cb7-5b6e-95a5-32ffacbca87f,139,\N,1,2026-08-04T02:30:00+00:00
415,3a376c3a-3e46-5c8c-815c-232b66ca9bc8,139,\N,1,2026-08-04T02:30:00+00:00
416,eb397f92-99ac-5f0f-8f81-3540865f0477,139,\N,1,2026-08-04T02:30:00+00:00
417,49a9d8f7-08ea-5972-af3a-0ca0a6c06e59,139,\N,1,2026-08-04T02:30:00+00:00
418,878bb7d9-5569-5efb-bbd1-5e39d62d594d,\N,264,1,2026-08-24T10:00:00+00:00
419,d16e3cdc-2868-563d-867d-62fa9b8b24ea,\N,264,1,2026-08-24T10:40:00+00:00
420,0947c4b9-50d6-50e2-9043-84a15b80e8c7,\N,264,1,2026-08-24T11:20:00+00:00
421,9edec740-5de6-5c27-8233-5cf72946b182,\N,264,1,2026-08-24T12:00:00+00:00
422,b897da16-1a55-5740-8129-7d502e6f44b8,\N,265,1,2026-08-24T17:00:00+00:00
423,458287c3-1628-5e26-8930-0d88ae11ce1a,\N,266,1,2026-08-25T00:00:00+00:00
424,f985b68e-39ae-5c83-8468-2b126802c414,140,\N,1,2026-08-25T07:30:00+00:00
425,5ccdaadc-80b2-50e1-a0c1-bad0246a7cf2,140,\N,1,2026-08-25T07:30:00+00:00
426,61347d09-09eb-5f04-a4ec-fe830319799f,140,\N,1,2026-08-25T07:30:00+00:00
427,10feece1-a2cd-532b-8488-21659a3bee22,140,\N,1,2026-08-25T07:30:00+00:00
428,63fdd1e3-9db3-5b05-9799-510eea6abab7,\N,268,1,2026-09-12T11:00:00+00:00
429,6e82bb3e-ede8-5803-ba1a-cc3aa8766199,\N,269,1,2026-09-12T18:00:00+00:00
430,8819cb55-67e6-5a55-98c8-d80446975a9e,\N,269,1,2026-09-12T18:40:00+00:00
431,6720265f-9f2b-5485-bf24-54e1784991b6,141,\N,1,2026-09-13T01:30:00+00:00
432,b39a9d3d-f3eb-5d31-9cc7-15e278969b70,141,\N,1,2026-09-13T01:30:00+00:00
433,52ab3a8f-ec5c-5e66-bcd5-efc304512118,\N,271,1,2026-09-18T05:00:00+00:00
434,d5dc7189-89df-5fd7-983f-1124b6de3d68,\N,271,1,2026-09-18T05:40:00+00:00
435,9a026691-28ff-5880-9da3-006735af19d3,\N,273,1,2026-09-18T19:00:00+00:00
436,fb400c3e-ecd0-522e-8b8e-1323946be71a,\N,273,1,2026-09-18T19:40:00+00:00
437,33d87513-60c2-51ff-9ec5-f0f1389ed27e,\N,274,1,2026-09-19T02:00:00+00:00
438,40120057-c43a-5745-9d3a-d9b0c6b1e84e,\N,274,1,2026-09-19T02:40:00+00:00
439,e5b7ccce-2cb7-5b6e-95a5-32ffacbca87f,142,\N,1,2026-09-19T02:30:00+00:00
440,36016ab9-3cc9-5f6a-8bc7-1d138ad9cb43,142,\N,1,2026-09-19T02:30:00+00:00
441,10feece1-a2cd-532b-8488-21659a3bee22,\N,276,1,2026-08-24T15:00:00+00:00
442,7e6a1243-34f5-52e6-862f-e5f3b2ebe640,\N,276,1,2026-08-24T15:40:00+00:00
443,bdc5faf6-386d-5338-99a0-32d156bcbd68,\N,276,1,2026-08-24T16:20:00+00:00
444,84047d01-74e6-5a08-a20e-b5c25e3eff3e,\N,276,1,2026-08-24T17:00:00+00:00
445,d2a70bca-a25c-522f-9b7e-c967b69503cc,143,\N,1,2026-08-25T05:30:00+00:00
446,e21dfd78-ea9f-5754-a3b2-3b3b66dd30b5,\N,277,1,2026-09-03T10:00:00+00:00
447,baa8ef70-5b01-5a49-84cb-71c353290705,\N,277,1,2026-09-03T10:40:00+00:00
448,ee289908-380a-5bb3-8fdc-0990b203929b,\N,278,1,2026-09-03T17:00:00+00:00
449,bf54d417-d834-5d3e-a7f9-106377fe05a5,\N,278,1,2026-09-03T17:40:00+00:00
450,adfbbf3c-5175-5e0a-bf98-b8854f2081c2,144,\N,1,2026-09-04T07:30:00+00:00
451,7b48b183-5d87-500f-9cec-2e003c19efac,\N,280,1,2026-07-24T11:00:00+00:00
452,fd96bbd1-5601-5c99-a1e2-04b09168b35e,\N,280,1,2026-07-24T11:40:00+00:00
453,bb4b0d34-59a4-5948-a9be-a1aa6caece55,\N,280,1,2026-07-24T12:20:00+00:00
454,d0c58825-6ead-50f6-9a07-f2f95dbb51ea,\N,280,1,2026-07-24T13:00:00+00:00
455,783491ec-2857-52e8-a102-766d7abba6d2,\N,280,1,2026-07-24T13:40:00+00:00
456,95ff45a0-9b28-55cb-bba6-22a608a4e30d,\N,280,1,2026-07-24T14:20:00+00:00
457,f0ca4141-ccff-5472-ba76-f4b194108c7b,145,\N,1,2026-07-25T08:30:00+00:00
458,8ecc0792-3789-53b2-a26e-fc6daa886eb7,145,\N,1,2026-07-25T08:30:00+00:00
459,88820056-e901-59a1-b2ca-c4e813b34f7b,146,\N,1,2026-08-23T03:30:00+00:00
460,96ccee9a-30f2-56cd-b597-a927c84e0f75,146,\N,1,2026-08-23T03:30:00+00:00
461,50d6350f-ffd4-59ad-a1ff-65a49a77a913,146,\N,1,2026-08-23T03:30:00+00:00
462,e3efd234-c7f9-5957-937f-661b1c3981ef,146,\N,1,2026-08-23T03:30:00+00:00
463,9edec740-5de6-5c27-8233-5cf72946b182,147,\N,1,2026-09-17T07:30:00+00:00
464,fd96bbd1-5601-5c99-a1e2-04b09168b35e,147,\N,1,2026-09-17T07:30:00+00:00
465,651ce25b-8132-52d9-8f74-889f22c3bb5c,147,\N,1,2026-09-17T07:30:00+00:00
466,90cced0e-f2c7-528c-bd28-38c44ead6c98,147,\N,1,2026-09-17T07:30:00+00:00
467,ab45f9eb-3fee-5ea5-bccb-faffc50f3e76,\N,282,1,2026-07-26T12:00:00+00:00
468,9047d24d-0775-5f10-bf17-6e8fc62c5884,\N,282,1,2026-07-26T12:40:00+00:00
469,6ecf180b-be59-594c-a33b-31bd0120f01f,\N,282,1,2026-07-26T13:20:00+00:00
470,d6b81cb4-a299-5894-baa5-463cb63679a3,\N,282,1,2026-07-26T14:00:00+00:00
471,53f78f7e-e2df-586b-b483-5748c92d0f9f,\N,282,1,2026-07-26T14:40:00+00:00
472,610e9654-06d6-5e55-959b-377b8749b8f9,\N,282,1,2026-07-26T15:20:00+00:00
473,61347d09-09eb-5f04-a4ec-fe830319799f,\N,284,1,2026-07-27T02:00:00+00:00
474,06657aeb-b604-5b0d-9281-d2e5afb78a9d,148,\N,1,2026-07-27T09:30:00+00:00
475,f4b545d6-b6c0-54b8-847e-101d68428b48,\N,287,1,2026-08-20T00:00:00+00:00
476,ae7ac442-d880-5cd8-bc30-8d21c5f7dc54,\N,288,1,2026-08-20T07:00:00+00:00
477,554a90ae-c448-548d-a552-cd8f1c340cbd,\N,288,1,2026-08-20T07:40:00+00:00
478,e0b64119-ecb0-52a5-852d-39c211ce337a,\N,288,1,2026-08-20T08:20:00+00:00
479,54561bf4-fe37-5b37-934d-9c7f81542f8b,\N,288,1,2026-08-20T09:00:00+00:00
480,e5b7ccce-2cb7-5b6e-95a5-32ffacbca87f,149,\N,1,2026-08-20T07:30:00+00:00
481,d3175e63-6121-5d55-b429-df91670d9aca,149,\N,1,2026-08-20T07:30:00+00:00
482,fbdfefdb-ca2d-5a0e-87ed-62021c1c11d4,149,\N,1,2026-08-20T07:30:00+00:00
483,4845dc43-0c9d-5f09-aa4a-62e68abb5d12,149,\N,1,2026-08-20T07:30:00+00:00
484,1062abbb-4fcd-51a9-95fc-5474e4af7640,\N,289,1,2026-08-03T03:00:00+00:00
485,0e49007f-82be-5238-a956-37d8f7b40d4c,\N,289,1,2026-08-03T03:40:00+00:00
486,5ce94e6e-a987-5fd1-90b2-94a1174f9376,\N,289,1,2026-08-03T04:20:00+00:00
487,f0ca4141-ccff-5472-ba76-f4b194108c7b,\N,289,1,2026-08-03T05:00:00+00:00
488,d2a70bca-a25c-522f-9b7e-c967b69503cc,\N,289,1,2026-08-03T05:40:00+00:00
489,af808cd8-ab34-515f-a8a0-a1b0719a537b,\N,289,1,2026-08-03T06:20:00+00:00
490,50de23a6-cd45-55ac-adb0-06d14b4ed8ce,\N,291,1,2026-08-03T17:00:00+00:00
491,878bb7d9-5569-5efb-bbd1-5e39d62d594d,\N,292,1,2026-08-04T00:00:00+00:00
492,ffe47fd1-7989-5728-addd-50b504edd889,150,\N,1,2026-08-04T00:30:00+00:00
493,ae96d203-7a11-52ed-9e02-cd93c3dda603,150,\N,1,2026-08-04T00:30:00+00:00
494,e3efd234-c7f9-5957-937f-661b1c3981ef,150,\N,1,2026-08-04T00:30:00+00:00
495,0e49007f-82be-5238-a956-37d8f7b40d4c,150,\N,1,2026-08-04T00:30:00+00:00
496,1b1e4344-fde4-5cc2-b82c-4fb458696522,150,\N,1,2026-08-04T00:30:00+00:00
497,341a0cef-f4a9-53ee-8980-229dc154ff4e,150,\N,1,2026-08-04T00:30:00+00:00
498,53f78f7e-e2df-586b-b483-5748c92d0f9f,150,\N,1,2026-08-04T00:30:00+00:00
499,f0f4eb8c-a1ed-50a1-bc7d-2863700a31a5,150,\N,1,2026-08-04T00:30:00+00:00
500,d0c58825-6ead-50f6-9a07-f2f95dbb51ea,\N,294,1,2026-08-02T16:00:00+00:00
501,20b4182c-90f7-51da-99e8-97ade4d19a92,\N,294,1,2026-08-02T16:40:00+00:00
502,c6286e16-5e03-594c-aa67-861b8ba91b33,\N,294,1,2026-08-02T17:20:00+00:00
503,a6b8342c-310b-5b88-9c07-602dbd646488,\N,294,1,2026-08-02T18:00:00+00:00
504,1bf86e3f-0e6e-5241-b319-71005237945f,151,\N,1,2026-08-03T06:30:00+00:00
505,84047d01-74e6-5a08-a20e-b5c25e3eff3e,151,\N,1,2026-08-03T06:30:00+00:00
506,e747fee0-a84b-5f51-98a3-7481903c9023,151,\N,1,2026-08-03T06:30:00+00:00
507,8fa5b823-1a70-59f7-9bb2-b3d5f36dc82b,151,\N,1,2026-08-03T06:30:00+00:00
508,5a4b137d-2ebb-5c75-8cdd-bf77406b4b9f,151,\N,1,2026-08-03T06:30:00+00:00
509,40120057-c43a-5745-9d3a-d9b0c6b1e84e,151,\N,1,2026-08-03T06:30:00+00:00
510,e0b64119-ecb0-52a5-852d-39c211ce337a,151,\N,1,2026-08-03T06:30:00+00:00
511,302b84f9-9053-5cf7-bed0-305678227875,151,\N,1,2026-08-03T06:30:00+00:00
512,9a026691-28ff-5880-9da3-006735af19d3,151,\N,1,2026-08-03T06:30:00+00:00
513,554a90ae-c448-548d-a552-cd8f1c340cbd,151,\N,1,2026-08-03T06:30:00+00:00
514,eb3717c1-cd92-5eeb-af40-9df7f3132426,151,\N,1,2026-08-03T06:30:00+00:00
515,6e82bb3e-ede8-5803-ba1a-cc3aa8766199,151,\N,1,2026-08-03T06:30:00+00:00
516,1062abbb-4fcd-51a9-95fc-5474e4af7640,\N,296,1,2026-08-11T12:00:00+00:00
517,673e8617-3280-5bfa-85a6-738a6d64aac6,\N,296,1,2026-08-11T12:40:00+00:00
518,33ba5d16-c38c-5bcf-9896-ea8ae81d6e7b,\N,296,1,2026-08-11T13:20:00+00:00
519,52ab3a8f-ec5c-5e66-bcd5-efc304512118,\N,296,1,2026-08-11T14:00:00+00:00
520,096499d2-73d6-5063-9dd4-a7c1aebac61d,153,\N,1,2026-08-07T04:30:00+00:00
521,96373821-4bf4-53b8-bd24-bb64bbb3b84e,154,\N,1,2026-08-27T07:30:00+00:00
522,64609795-d498-5ea7-ad33-a3bcecf9d962,155,\N,1,2026-08-10T06:30:00+00:00
523,7e6a1243-34f5-52e6-862f-e5f3b2ebe640,155,\N,1,2026-08-10T06:30:00+00:00
524,96ccee9a-30f2-56cd-b597-a927c84e0f75,155,\N,1,2026-08-10T06:30:00+00:00
525,20b63262-d3e6-555a-95b2-84fc87694a19,155,\N,1,2026-08-10T06:30:00+00:00
526,d767d4bb-a2aa-587a-90f9-23d0689ae52a,\N,300,1,2026-08-05T04:00:00+00:00
527,f22a7317-9c2b-5d13-99b9-1a1622094bb3,156,\N,1,2026-08-06T01:30:00+00:00
528,33d87513-60c2-51ff-9ec5-f0f1389ed27e,156,\N,1,2026-08-06T01:30:00+00:00
529,6b9b6012-cdb4-50eb-8ad0-01c36516df23,\N,304,1,2026-08-28T11:00:00+00:00
530,d767d4bb-a2aa-587a-90f9-23d0689ae52a,\N,304,1,2026-08-28T11:40:00+00:00
531,f0ca4141-ccff-5472-ba76-f4b194108c7b,\N,306,1,2026-08-29T01:00:00+00:00
532,fb400c3e-ecd0-522e-8b8e-1323946be71a,\N,306,1,2026-08-29T01:40:00+00:00
533,77c684c4-9514-5edc-85ff-1052c8544c14,157,\N,1,2026-08-29T01:30:00+00:00
534,e7dd6cb0-626e-510a-9e98-0498c534b04d,157,\N,1,2026-08-29T01:30:00+00:00
535,d2a70bca-a25c-522f-9b7e-c967b69503cc,157,\N,1,2026-08-29T01:30:00+00:00
536,b0ebc690-efe0-594f-bd55-e4d7ec3454bc,157,\N,1,2026-08-29T01:30:00+00:00
537,7e6a1243-34f5-52e6-862f-e5f3b2ebe640,158,\N,1,2026-08-14T02:30:00+00:00
538,3a376c3a-3e46-5c8c-815c-232b66ca9bc8,158,\N,1,2026-08-14T02:30:00+00:00
539,63fdd1e3-9db3-5b05-9799-510eea6abab7,158,\N,1,2026-08-14T02:30:00+00:00
540,5d857806-7d61-533b-bc12-af2d7b775d29,158,\N,1,2026-08-14T02:30:00+00:00
541,b55b4f74-ded6-5cf1-aae0-9ad89c03c10c,158,\N,1,2026-08-14T02:30:00+00:00
542,651ce25b-8132-52d9-8f74-889f22c3bb5c,\N,312,1,2026-07-31T11:00:00+00:00
543,6d9d0917-bda8-5863-abe4-92d14b0cc926,\N,312,1,2026-07-31T11:40:00+00:00
544,67357d35-e727-50a5-9114-d5f2da172374,159,\N,1,2026-08-01T01:30:00+00:00
545,8fa5b823-1a70-59f7-9bb2-b3d5f36dc82b,159,\N,1,2026-08-01T01:30:00+00:00
546,e21dfd78-ea9f-5754-a3b2-3b3b66dd30b5,159,\N,1,2026-08-01T01:30:00+00:00
547,37b7aed3-d207-54f7-b4ec-0e05c50eaeb2,159,\N,1,2026-08-01T01:30:00+00:00
548,8ecc0792-3789-53b2-a26e-fc6daa886eb7,159,\N,1,2026-08-01T01:30:00+00:00
549,19e81afb-74c1-5b4a-9af3-469f3b610235,159,\N,1,2026-08-01T01:30:00+00:00
550,4966bb54-4d4f-5992-8586-1bd44991d17f,159,\N,1,2026-08-01T01:30:00+00:00
551,d0c58825-6ead-50f6-9a07-f2f95dbb51ea,159,\N,1,2026-08-01T01:30:00+00:00
552,f4793612-bd5c-52c4-b29e-226fe28a77ca,159,\N,1,2026-08-01T01:30:00+00:00
553,7624f38b-fbca-546f-af04-c9dda9318f82,159,\N,1,2026-08-01T01:30:00+00:00
554,001e944b-e64e-5742-afb7-5e04327e41ee,159,\N,1,2026-08-01T01:30:00+00:00
555,f21481e8-5bf3-5aa6-a7e0-fe6e26920e28,159,\N,1,2026-08-01T01:30:00+00:00
556,1b1e4344-fde4-5cc2-b82c-4fb458696522,159,\N,1,2026-08-01T01:30:00+00:00
557,368442e7-2dfe-5df4-9ab7-a468b984050a,159,\N,1,2026-08-01T01:30:00+00:00
558,9c9c228f-3bd5-5da4-b666-fbfab93b4b7e,159,\N,1,2026-08-01T01:30:00+00:00
559,096499d2-73d6-5063-9dd4-a7c1aebac61d,159,\N,1,2026-08-01T01:30:00+00:00
560,a992f17b-79b6-5dcf-aed4-2aebaa5775c7,159,\N,1,2026-08-01T01:30:00+00:00
561,33ba5d16-c38c-5bcf-9896-ea8ae81d6e7b,159,\N,1,2026-08-01T01:30:00+00:00
562,3a376c3a-3e46-5c8c-815c-232b66ca9bc8,159,\N,1,2026-08-01T01:30:00+00:00
563,6988340a-a3c1-5fda-a996-711f1723c649,159,\N,1,2026-08-01T01:30:00+00:00
564,7e6a1243-34f5-52e6-862f-e5f3b2ebe640,159,\N,1,2026-08-01T01:30:00+00:00
565,64b591cd-4cbe-577a-aba9-ee6912328a58,\N,314,1,2026-07-26T12:00:00+00:00
566,3425797b-5c54-5f3a-9a34-9cedb0dc5b84,\N,315,1,2026-07-26T19:00:00+00:00
567,7ef6d8e7-132e-5da5-a653-16dd2e5719c4,\N,315,1,2026-07-26T19:40:00+00:00
568,001e944b-e64e-5742-afb7-5e04327e41ee,\N,315,1,2026-07-26T20:20:00+00:00
569,e1f9b739-b2d3-51e6-9609-05805a6d151c,\N,315,1,2026-07-26T21:00:00+00:00
570,20b4182c-90f7-51da-99e8-97ade4d19a92,160,\N,1,2026-07-27T02:30:00+00:00
571,baa8ef70-5b01-5a49-84cb-71c353290705,160,\N,1,2026-07-27T02:30:00+00:00
572,673e8617-3280-5bfa-85a6-738a6d64aac6,161,\N,1,2026-08-21T06:30:00+00:00
573,ac9c9500-b7e4-5bbe-8f4e-a40a6201979a,161,\N,1,2026-08-21T06:30:00+00:00
574,64609795-d498-5ea7-ad33-a3bcecf9d962,161,\N,1,2026-08-21T06:30:00+00:00
575,ec6d706d-7dba-534b-8700-e6752dbd06e1,161,\N,1,2026-08-21T06:30:00+00:00
576,f4b545d6-b6c0-54b8-847e-101d68428b48,162,\N,1,2026-09-13T07:30:00+00:00
577,096499d2-73d6-5063-9dd4-a7c1aebac61d,162,\N,1,2026-09-13T07:30:00+00:00
578,1bc15434-bc22-56cc-a890-336efd2a11e5,162,\N,1,2026-09-13T07:30:00+00:00
579,25797954-b022-582e-8349-e1e2c141368c,162,\N,1,2026-09-13T07:30:00+00:00
580,52ab3a8f-ec5c-5e66-bcd5-efc304512118,162,\N,1,2026-09-13T07:30:00+00:00
581,44a33563-638c-52da-ae01-285f43dfcb99,162,\N,1,2026-09-13T07:30:00+00:00
582,53f78f7e-e2df-586b-b483-5748c92d0f9f,162,\N,1,2026-09-13T07:30:00+00:00
583,6ac5a7a4-ae0d-5e31-8a7c-d85b63a96c46,162,\N,1,2026-09-13T07:30:00+00:00
584,bc38029f-d1c5-5b8f-8055-d446a522cb91,\N,317,1,2026-08-24T06:00:00+00:00
585,3a376c3a-3e46-5c8c-815c-232b66ca9bc8,\N,317,1,2026-08-24T06:40:00+00:00
586,9c9c228f-3bd5-5da4-b666-fbfab93b4b7e,\N,317,1,2026-08-24T07:20:00+00:00
587,d3175e63-6121-5d55-b429-df91670d9aca,\N,317,1,2026-08-24T08:00:00+00:00
588,4845dc43-0c9d-5f09-aa4a-62e68abb5d12,\N,317,1,2026-08-24T08:40:00+00:00
589,878bb7d9-5569-5efb-bbd1-5e39d62d594d,\N,317,1,2026-08-24T09:20:00+00:00
590,50de23a6-cd45-55ac-adb0-06d14b4ed8ce,163,\N,1,2026-08-25T03:30:00+00:00
591,783491ec-2857-52e8-a102-766d7abba6d2,163,\N,1,2026-08-25T03:30:00+00:00
592,daa36188-60fd-56a2-938b-70b1b51084b0,163,\N,1,2026-08-25T03:30:00+00:00
593,8ecc0792-3789-53b2-a26e-fc6daa886eb7,163,\N,1,2026-08-25T03:30:00+00:00
594,e1f9b739-b2d3-51e6-9609-05805a6d151c,163,\N,1,2026-08-25T03:30:00+00:00
595,4ec67eb8-4fda-5cbc-bbd1-a6afc7ce8130,163,\N,1,2026-08-25T03:30:00+00:00
596,8fa5b823-1a70-59f7-9bb2-b3d5f36dc82b,163,\N,1,2026-08-25T03:30:00+00:00
597,25797954-b022-582e-8349-e1e2c141368c,163,\N,1,2026-08-25T03:30:00+00:00
598,341a0cef-f4a9-53ee-8980-229dc154ff4e,163,\N,1,2026-08-25T03:30:00+00:00
599,0b532307-3033-5baf-b61c-915d1213c01f,163,\N,1,2026-08-25T03:30:00+00:00
600,64609795-d498-5ea7-ad33-a3bcecf9d962,163,\N,1,2026-08-25T03:30:00+00:00
601,610e9654-06d6-5e55-959b-377b8749b8f9,163,\N,1,2026-08-25T03:30:00+00:00
602,e5b7ccce-2cb7-5b6e-95a5-32ffacbca87f,163,\N,1,2026-08-25T03:30:00+00:00
603,a6b8342c-310b-5b88-9c07-602dbd646488,163,\N,1,2026-08-25T03:30:00+00:00
604,3d0f3e54-413b-5a89-bc88-8cb0e7246b97,163,\N,1,2026-08-25T03:30:00+00:00
605,eb3717c1-cd92-5eeb-af40-9df7f3132426,163,\N,1,2026-08-25T03:30:00+00:00
606,d3175e63-6121-5d55-b429-df91670d9aca,\N,319,1,2026-09-03T10:00:00+00:00
607,33ba5d16-c38c-5bcf-9896-ea8ae81d6e7b,\N,319,1,2026-09-03T10:40:00+00:00
608,d6b81cb4-a299-5894-baa5-463cb63679a3,\N,319,1,2026-09-03T11:20:00+00:00
609,f21481e8-5bf3-5aa6-a7e0-fe6e26920e28,\N,319,1,2026-09-03T12:00:00+00:00
610,7e6a1243-34f5-52e6-862f-e5f3b2ebe640,\N,320,1,2026-09-03T17:00:00+00:00
611,e0b64119-ecb0-52a5-852d-39c211ce337a,\N,321,1,2026-09-13T12:00:00+00:00
612,b0ebc690-efe0-594f-bd55-e4d7ec3454bc,\N,322,1,2026-09-13T19:00:00+00:00
613,1767869f-381f-59b9-acac-01da2d539e40,\N,322,1,2026-09-13T19:40:00+00:00
614,dfe9e449-d177-56af-a679-d3e1c78c5c02,\N,323,1,2026-09-14T02:00:00+00:00
615,f4793612-bd5c-52c4-b29e-226fe28a77ca,\N,323,1,2026-09-14T02:40:00+00:00
616,b0ebc690-efe0-594f-bd55-e4d7ec3454bc,\N,323,1,2026-09-14T03:20:00+00:00
617,302b84f9-9053-5cf7-bed0-305678227875,\N,323,1,2026-09-14T04:00:00+00:00
618,6ecf180b-be59-594c-a33b-31bd0120f01f,\N,324,1,2026-09-14T09:00:00+00:00
619,33d87513-60c2-51ff-9ec5-f0f1389ed27e,\N,324,1,2026-09-14T09:40:00+00:00
620,6e82bb3e-ede8-5803-ba1a-cc3aa8766199,\N,324,1,2026-09-14T10:20:00+00:00
621,34046d1a-c67e-5a81-b9d5-47dd4840c4fe,\N,324,1,2026-09-14T11:00:00+00:00
622,f2561442-8439-5138-9a3b-8bcf96f16609,165,\N,1,2026-09-14T09:30:00+00:00
623,0b532307-3033-5baf-b61c-915d1213c01f,165,\N,1,2026-09-14T09:30:00+00:00
624,49a9d8f7-08ea-5972-af3a-0ca0a6c06e59,165,\N,1,2026-09-14T09:30:00+00:00
625,cd8c4c60-ab9b-5cf3-996e-d4fbb990f4c6,165,\N,1,2026-09-14T09:30:00+00:00
626,e3efd234-c7f9-5957-937f-661b1c3981ef,165,\N,1,2026-09-14T09:30:00+00:00
627,d6b81cb4-a299-5894-baa5-463cb63679a3,165,\N,1,2026-09-14T09:30:00+00:00
628,25797954-b022-582e-8349-e1e2c141368c,165,\N,1,2026-09-14T09:30:00+00:00
629,4966bb54-4d4f-5992-8586-1bd44991d17f,165,\N,1,2026-09-14T09:30:00+00:00
630,7e6a1243-34f5-52e6-862f-e5f3b2ebe640,165,\N,1,2026-09-14T09:30:00+00:00
631,10feece1-a2cd-532b-8488-21659a3bee22,\N,325,1,2026-08-11T05:00:00+00:00
632,5ce94e6e-a987-5fd1-90b2-94a1174f9376,\N,325,1,2026-08-11T05:40:00+00:00
633,3425797b-5c54-5f3a-9a34-9cedb0dc5b84,\N,325,1,2026-08-11T06:20:00+00:00
634,90cced0e-f2c7-528c-bd28-38c44ead6c98,\N,325,1,2026-08-11T07:00:00+00:00
635,45cee65b-db52-5dff-b09d-0ee1ac2be20f,\N,325,1,2026-08-11T07:40:00+00:00
636,cd8c4c60-ab9b-5cf3-996e-d4fbb990f4c6,\N,325,1,2026-08-11T08:20:00+00:00
637,b5be680a-732e-55e0-bc5d-b80e831ff33a,\N,326,1,2026-08-11T12:00:00+00:00
638,6467241a-6abd-5888-8e87-40e0e86cbc55,\N,326,1,2026-08-11T12:40:00+00:00
639,50d6350f-ffd4-59ad-a1ff-65a49a77a913,\N,327,1,2026-08-11T19:00:00+00:00
640,ea7edc0e-b64d-545f-b311-b4ee943f2935,\N,327,1,2026-08-11T19:40:00+00:00
641,1b1e4344-fde4-5cc2-b82c-4fb458696522,\N,328,1,2026-08-12T02:00:00+00:00
642,368442e7-2dfe-5df4-9ab7-a468b984050a,166,\N,1,2026-08-12T02:30:00+00:00
643,1dd6da2f-292d-52b5-8e0e-a84885e81ba1,\N,329,1,2026-07-26T04:00:00+00:00
644,6cf4bb40-4d81-5eb3-b9d9-5841cd55724e,\N,329,1,2026-07-26T04:40:00+00:00
645,95927b04-f214-5c26-878d-fb55176e41bc,\N,329,1,2026-07-26T05:20:00+00:00
646,d6b81cb4-a299-5894-baa5-463cb63679a3,\N,329,1,2026-07-26T06:00:00+00:00
647,2e2e8079-6c9e-51c9-bc7e-1475045fd514,\N,329,1,2026-07-26T06:40:00+00:00
648,37b7aed3-d207-54f7-b4ec-0e05c50eaeb2,\N,329,1,2026-07-26T07:20:00+00:00
649,baa8ef70-5b01-5a49-84cb-71c353290705,\N,330,1,2026-07-26T11:00:00+00:00
650,bdc5faf6-386d-5338-99a0-32d156bcbd68,\N,330,1,2026-07-26T11:40:00+00:00
651,ae7ac442-d880-5cd8-bc30-8d21c5f7dc54,\N,332,1,2026-07-30T13:00:00+00:00
652,af808cd8-ab34-515f-a8a0-a1b0719a537b,\N,332,1,2026-07-30T13:40:00+00:00
653,43a3bb15-e7a6-5c42-a198-3e0d7f080ba1,\N,333,1,2026-07-30T20:00:00+00:00
654,40120057-c43a-5745-9d3a-d9b0c6b1e84e,168,\N,1,2026-07-31T03:30:00+00:00
655,5c465a9a-bc36-5d7b-b5a2-0f18d9dab68a,168,\N,1,2026-07-31T03:30:00+00:00
656,4ec67eb8-4fda-5cbc-bbd1-a6afc7ce8130,168,\N,1,2026-07-31T03:30:00+00:00
657,eb397f92-99ac-5f0f-8f81-3540865f0477,168,\N,1,2026-07-31T03:30:00+00:00
658,9a026691-28ff-5880-9da3-006735af19d3,168,\N,1,2026-07-31T03:30:00+00:00
659,783491ec-2857-52e8-a102-766d7abba6d2,168,\N,1,2026-07-31T03:30:00+00:00
660,508d03e7-de84-523a-8242-f48abc9451d7,168,\N,1,2026-07-31T03:30:00+00:00
661,7298015b-9105-595a-b879-3013c08053f7,168,\N,1,2026-07-31T03:30:00+00:00
662,eeeb9e89-042f-5fdc-8fcf-2c3ad56f9bf1,168,\N,1,2026-07-31T03:30:00+00:00
663,d48cab4b-e48b-59ae-88d6-41d5d463569d,168,\N,1,2026-07-31T03:30:00+00:00
664,5d857806-7d61-533b-bc12-af2d7b775d29,168,\N,1,2026-07-31T03:30:00+00:00
665,7ef6d8e7-132e-5da5-a653-16dd2e5719c4,168,\N,1,2026-07-31T03:30:00+00:00
666,ab45f9eb-3fee-5ea5-bccb-faffc50f3e76,168,\N,1,2026-07-31T03:30:00+00:00
667,f0f4eb8c-a1ed-50a1-bc7d-2863700a31a5,168,\N,1,2026-07-31T03:30:00+00:00
668,6d9d0917-bda8-5863-abe4-92d14b0cc926,168,\N,1,2026-07-31T03:30:00+00:00
669,e7dd6cb0-626e-510a-9e98-0498c534b04d,168,\N,1,2026-07-31T03:30:00+00:00
670,6988340a-a3c1-5fda-a996-711f1723c649,168,\N,1,2026-07-31T03:30:00+00:00
671,e502b694-466f-5e1f-9293-146b264ae20c,168,\N,1,2026-07-31T03:30:00+00:00
672,63fdd1e3-9db3-5b05-9799-510eea6abab7,168,\N,1,2026-07-31T03:30:00+00:00
673,3425797b-5c54-5f3a-9a34-9cedb0dc5b84,168,\N,1,2026-07-31T03:30:00+00:00
674,43a3bb15-e7a6-5c42-a198-3e0d7f080ba1,168,\N,1,2026-07-31T03:30:00+00:00
675,10feece1-a2cd-532b-8488-21659a3bee22,169,\N,1,2026-07-24T04:30:00+00:00
676,e5b7ccce-2cb7-5b6e-95a5-32ffacbca87f,169,\N,1,2026-07-24T04:30:00+00:00
677,729fe171-fa0d-547e-b374-39bd19f4c645,169,\N,1,2026-07-24T04:30:00+00:00
678,02bf8d95-eee4-5287-b363-0551cc4a6d51,169,\N,1,2026-07-24T04:30:00+00:00
679,50de23a6-cd45-55ac-adb0-06d14b4ed8ce,169,\N,1,2026-07-24T04:30:00+00:00
680,0e49007f-82be-5238-a956-37d8f7b40d4c,\N,335,1,2026-09-02T05:00:00+00:00
681,9355c2cf-38db-5118-9b77-3d5b5b3870df,\N,335,1,2026-09-02T05:40:00+00:00
682,1bc15434-bc22-56cc-a890-336efd2a11e5,\N,335,1,2026-09-02T06:20:00+00:00
683,3425797b-5c54-5f3a-9a34-9cedb0dc5b84,\N,335,1,2026-09-02T07:00:00+00:00
684,f0ca4141-ccff-5472-ba76-f4b194108c7b,\N,335,1,2026-09-02T07:40:00+00:00
685,10feece1-a2cd-532b-8488-21659a3bee22,\N,335,1,2026-09-02T08:20:00+00:00
686,c6286e16-5e03-594c-aa67-861b8ba91b33,171,\N,1,2026-09-03T02:30:00+00:00
687,54561bf4-fe37-5b37-934d-9c7f81542f8b,171,\N,1,2026-09-03T02:30:00+00:00
688,dfe9e449-d177-56af-a679-d3e1c78c5c02,\N,336,1,2026-08-01T08:00:00+00:00
689,d48cab4b-e48b-59ae-88d6-41d5d463569d,\N,336,1,2026-08-01T08:40:00+00:00
690,33d87513-60c2-51ff-9ec5-f0f1389ed27e,\N,338,1,2026-08-01T22:00:00+00:00
691,7bdf8ad6-1318-5f74-9112-e2b655e215a2,\N,338,1,2026-08-01T22:40:00+00:00
692,1767869f-381f-59b9-acac-01da2d539e40,\N,338,1,2026-08-01T23:20:00+00:00
693,06657aeb-b604-5b0d-9281-d2e5afb78a9d,\N,338,1,2026-08-02T00:00:00+00:00
694,44a33563-638c-52da-ae01-285f43dfcb99,172,\N,1,2026-08-02T05:30:00+00:00
695,f0f4eb8c-a1ed-50a1-bc7d-2863700a31a5,172,\N,1,2026-08-02T05:30:00+00:00
696,082b47e7-5a06-5a34-bd49-595c82b2b196,172,\N,1,2026-08-02T05:30:00+00:00
697,50d6350f-ffd4-59ad-a1ff-65a49a77a913,172,\N,1,2026-08-02T05:30:00+00:00
698,693ebb02-ab3f-5d60-b798-d4d4df4900d2,172,\N,1,2026-08-02T05:30:00+00:00
699,1767869f-381f-59b9-acac-01da2d539e40,172,\N,1,2026-08-02T05:30:00+00:00
700,d6b81cb4-a299-5894-baa5-463cb63679a3,172,\N,1,2026-08-02T05:30:00+00:00
701,2e2e8079-6c9e-51c9-bc7e-1475045fd514,172,\N,1,2026-08-02T05:30:00+00:00
702,fbdfefdb-ca2d-5a0e-87ed-62021c1c11d4,\N,339,1,2026-08-11T11:00:00+00:00
703,554a90ae-c448-548d-a552-cd8f1c340cbd,\N,339,1,2026-08-11T11:40:00+00:00
704,36016ab9-3cc9-5f6a-8bc7-1d138ad9cb43,\N,340,1,2026-08-11T18:00:00+00:00
705,ae7ac442-d880-5cd8-bc30-8d21c5f7dc54,\N,340,1,2026-08-11T18:40:00+00:00
706,0bd9c807-50b6-567b-befe-96c80ed2fc9d,\N,340,1,2026-08-11T19:20:00+00:00
707,da462241-608b-5422-bdbd-0d98184a433d,\N,340,1,2026-08-11T20:00:00+00:00
708,d9fbcbde-376a-5f82-9fb5-268a24b02d57,\N,340,1,2026-08-11T20:40:00+00:00
709,02bf8d95-eee4-5287-b363-0551cc4a6d51,\N,340,1,2026-08-11T21:20:00+00:00
710,eeeb9e89-042f-5fdc-8fcf-2c3ad56f9bf1,\N,341,1,2026-08-12T01:00:00+00:00
711,302b84f9-9053-5cf7-bed0-305678227875,\N,341,1,2026-08-12T01:40:00+00:00
712,64609795-d498-5ea7-ad33-a3bcecf9d962,\N,341,1,2026-08-12T02:20:00+00:00
713,63fdd1e3-9db3-5b05-9799-510eea6abab7,\N,341,1,2026-08-12T03:00:00+00:00
714,ef763ec1-f93c-5744-9640-4ca59adf9347,\N,341,1,2026-08-12T03:40:00+00:00
715,f0f4eb8c-a1ed-50a1-bc7d-2863700a31a5,\N,341,1,2026-08-12T04:20:00+00:00
716,a5526e82-ef69-522b-b3ad-df818658bde0,\N,342,1,2026-08-12T08:00:00+00:00
717,341a0cef-f4a9-53ee-8980-229dc154ff4e,\N,342,1,2026-08-12T08:40:00+00:00
718,f4b545d6-b6c0-54b8-847e-101d68428b48,\N,342,1,2026-08-12T09:20:00+00:00
719,e7dd6cb0-626e-510a-9e98-0498c534b04d,\N,342,1,2026-08-12T10:00:00+00:00
720,373cd20e-25d5-5a46-a0ae-18157cf68a55,\N,342,1,2026-08-12T10:40:00+00:00
721,0bd9c807-50b6-567b-befe-96c80ed2fc9d,\N,342,1,2026-08-12T11:20:00+00:00
722,f2561442-8439-5138-9a3b-8bcf96f16609,173,\N,1,2026-08-12T08:30:00+00:00
723,0947c4b9-50d6-50e2-9043-84a15b80e8c7,173,\N,1,2026-08-12T08:30:00+00:00
724,96dbbdad-601e-5bc2-9d1a-78f9f6349a39,173,\N,1,2026-08-12T08:30:00+00:00
725,6ab0c42d-0ad5-5b3d-9c6c-4ab9eaa47586,173,\N,1,2026-08-12T08:30:00+00:00
726,a2cc3818-be31-5aeb-828c-e23f579431aa,\N,344,1,2026-08-23T12:00:00+00:00
727,33d87513-60c2-51ff-9ec5-f0f1389ed27e,\N,344,1,2026-08-23T12:40:00+00:00
728,0bd9c807-50b6-567b-befe-96c80ed2fc9d,\N,344,1,2026-08-23T13:20:00+00:00
729,9edec740-5de6-5c27-8233-5cf72946b182,\N,344,1,2026-08-23T14:00:00+00:00
730,1873645b-b54c-51dc-a41a-7131e831a64f,\N,345,1,2026-08-23T19:00:00+00:00
731,da462241-608b-5422-bdbd-0d98184a433d,\N,345,1,2026-08-23T19:40:00+00:00
732,5d857806-7d61-533b-bc12-af2d7b775d29,\N,346,1,2026-08-24T02:00:00+00:00
733,77c684c4-9514-5edc-85ff-1052c8544c14,\N,346,1,2026-08-24T02:40:00+00:00
734,5c465a9a-bc36-5d7b-b5a2-0f18d9dab68a,\N,346,1,2026-08-24T03:20:00+00:00
735,1dd6da2f-292d-52b5-8e0e-a84885e81ba1,\N,346,1,2026-08-24T04:00:00+00:00
736,54561bf4-fe37-5b37-934d-9c7f81542f8b,174,\N,1,2026-08-24T02:30:00+00:00
737,45cee65b-db52-5dff-b09d-0ee1ac2be20f,174,\N,1,2026-08-24T02:30:00+00:00
738,bc38029f-d1c5-5b8f-8055-d446a522cb91,\N,347,1,2026-07-26T04:00:00+00:00
739,2e2e8079-6c9e-51c9-bc7e-1475045fd514,\N,347,1,2026-07-26T04:40:00+00:00
740,96373821-4bf4-53b8-bd24-bb64bbb3b84e,\N,348,1,2026-07-26T11:00:00+00:00
741,f6e8344b-87f4-5461-93fc-b01ff1ae4265,\N,348,1,2026-07-26T11:40:00+00:00
742,9d1c460b-bd0b-57ff-ac14-f2b10f73edd3,\N,348,1,2026-07-26T12:20:00+00:00
743,f0f4eb8c-a1ed-50a1-bc7d-2863700a31a5,\N,348,1,2026-07-26T13:00:00+00:00
744,cb162f3d-006f-544e-bfa6-f9abb8a52026,\N,349,1,2026-07-26T18:00:00+00:00
745,daa36188-60fd-56a2-938b-70b1b51084b0,\N,350,1,2026-07-27T01:00:00+00:00
746,878bb7d9-5569-5efb-bbd1-5e39d62d594d,\N,350,1,2026-07-27T01:40:00+00:00
747,e7dd6cb0-626e-510a-9e98-0498c534b04d,\N,350,1,2026-07-27T02:20:00+00:00
748,5d857806-7d61-533b-bc12-af2d7b775d29,\N,350,1,2026-07-27T03:00:00+00:00
749,19e81afb-74c1-5b4a-9af3-469f3b610235,\N,351,1,2026-07-27T08:00:00+00:00
750,a6b8342c-310b-5b88-9c07-602dbd646488,\N,352,1,2026-07-27T15:00:00+00:00
751,0e992dba-f631-52d1-b7e3-76faec77c33f,\N,352,1,2026-07-27T15:40:00+00:00
752,0da68170-ff38-5dad-9224-770d261f1c8a,\N,352,1,2026-07-27T16:20:00+00:00
753,f985b68e-39ae-5c83-8468-2b126802c414,\N,352,1,2026-07-27T17:00:00+00:00
754,673e8617-3280-5bfa-85a6-738a6d64aac6,\N,354,1,2026-07-28T05:00:00+00:00
755,4c310820-12d3-5128-9a45-973db446b59e,175,\N,1,2026-07-27T01:30:00+00:00
756,cb162f3d-006f-544e-bfa6-f9abb8a52026,175,\N,1,2026-07-27T01:30:00+00:00
757,0da68170-ff38-5dad-9224-770d261f1c8a,175,\N,1,2026-07-27T01:30:00+00:00
758,8819cb55-67e6-5a55-98c8-d80446975a9e,175,\N,1,2026-07-27T01:30:00+00:00
759,ee289908-380a-5bb3-8fdc-0990b203929b,175,\N,1,2026-07-27T01:30:00+00:00
760,a0a53b38-722a-56e6-a52c-fe0e06169a59,\N,356,1,2026-08-09T17:00:00+00:00
761,405fd522-6b0d-52fc-b397-dc3ce2e4a2ea,\N,357,1,2026-08-10T00:00:00+00:00
762,facb4557-eabe-5f8b-89cc-f223b91c89b7,\N,358,1,2026-08-10T07:00:00+00:00
763,96373821-4bf4-53b8-bd24-bb64bbb3b84e,\N,359,1,2026-08-10T14:00:00+00:00
764,bdc5faf6-386d-5338-99a0-32d156bcbd68,\N,360,1,2026-08-10T21:00:00+00:00
765,ac9c9500-b7e4-5bbe-8f4e-a40a6201979a,\N,361,1,2026-08-11T04:00:00+00:00
766,3bc3e38a-5ff7-5330-ab2d-8add18e85d57,\N,361,1,2026-08-11T04:40:00+00:00
767,ae7ac442-d880-5cd8-bc30-8d21c5f7dc54,\N,361,1,2026-08-11T05:20:00+00:00
768,88820056-e901-59a1-b2ca-c4e813b34f7b,\N,361,1,2026-08-11T06:00:00+00:00
769,7298015b-9105-595a-b879-3013c08053f7,\N,361,1,2026-08-11T06:40:00+00:00
770,95927b04-f214-5c26-878d-fb55176e41bc,\N,361,1,2026-08-11T07:20:00+00:00
771,10feece1-a2cd-532b-8488-21659a3bee22,\N,363,1,2026-08-11T18:00:00+00:00
772,52ab3a8f-ec5c-5e66-bcd5-efc304512118,\N,363,1,2026-08-11T18:40:00+00:00
773,ae7ac442-d880-5cd8-bc30-8d21c5f7dc54,\N,363,1,2026-08-11T19:20:00+00:00
774,373cd20e-25d5-5a46-a0ae-18157cf68a55,\N,363,1,2026-08-11T20:00:00+00:00
775,33d87513-60c2-51ff-9ec5-f0f1389ed27e,\N,364,1,2026-08-12T01:00:00+00:00
776,b5be680a-732e-55e0-bc5d-b80e831ff33a,\N,366,1,2026-08-12T15:00:00+00:00
777,4845dc43-0c9d-5f09-aa4a-62e68abb5d12,\N,367,1,2026-08-12T22:00:00+00:00
778,1062abbb-4fcd-51a9-95fc-5474e4af7640,\N,367,1,2026-08-12T22:40:00+00:00
779,a60d0128-bffa-5d2d-9915-36693e6bc3ba,\N,367,1,2026-08-12T23:20:00+00:00
780,4cf03b5a-e2ca-57f2-95b8-16a3b92247e6,\N,367,1,2026-08-13T00:00:00+00:00
781,b55b4f74-ded6-5cf1-aae0-9ad89c03c10c,\N,369,1,2026-08-13T12:00:00+00:00
782,82a5c89c-0b3a-58b9-9259-837a5348a5c2,\N,369,1,2026-08-13T12:40:00+00:00
783,b7f1d97d-9f3c-5885-b9ef-48d67a16a686,\N,369,1,2026-08-13T13:20:00+00:00
784,6ab0c42d-0ad5-5b3d-9c6c-4ab9eaa47586,\N,369,1,2026-08-13T14:00:00+00:00
785,da462241-608b-5422-bdbd-0d98184a433d,\N,369,1,2026-08-13T14:40:00+00:00
786,6ecf180b-be59-594c-a33b-31bd0120f01f,\N,369,1,2026-08-13T15:20:00+00:00
787,7ef6d8e7-132e-5da5-a653-16dd2e5719c4,176,\N,1,2026-08-10T07:30:00+00:00
788,9c9c228f-3bd5-5da4-b666-fbfab93b4b7e,176,\N,1,2026-08-10T07:30:00+00:00
789,3a376c3a-3e46-5c8c-815c-232b66ca9bc8,176,\N,1,2026-08-10T07:30:00+00:00
790,7624f38b-fbca-546f-af04-c9dda9318f82,176,\N,1,2026-08-10T07:30:00+00:00
791,5c465a9a-bc36-5d7b-b5a2-0f18d9dab68a,176,\N,1,2026-08-10T07:30:00+00:00
792,40120057-c43a-5745-9d3a-d9b0c6b1e84e,176,\N,1,2026-08-10T07:30:00+00:00
793,34046d1a-c67e-5a81-b9d5-47dd4840c4fe,176,\N,1,2026-08-10T07:30:00+00:00
794,458287c3-1628-5e26-8930-0d88ae11ce1a,176,\N,1,2026-08-10T07:30:00+00:00
795,51420309-4688-52d6-84b9-51c0dc3a900e,176,\N,1,2026-08-10T07:30:00+00:00
796,d3175e63-6121-5d55-b429-df91670d9aca,176,\N,1,2026-08-10T07:30:00+00:00
797,88820056-e901-59a1-b2ca-c4e813b34f7b,176,\N,1,2026-08-10T07:30:00+00:00
798,001e944b-e64e-5742-afb7-5e04327e41ee,176,\N,1,2026-08-10T07:30:00+00:00
